snapshot_id,snapshot_ts,kind,team,rating,sd
0,2026-08-20T16:00:00Z,baseline,ARI,0.9135326132115947,0.10616525410235104
0,2026-08-20T16:00:00Z,baseline,ATL,-0.6460284530946666,0.10617640859856871
0,2026-08-20T16:00:00Z,baseline,BAL,-0.1290293403171714,0.10596942316466726
0,2026-08-20T16:00:00Z,baseline,BUF,-0.13139425598189708,0.10587869877059773
0,2026-08-20T16:00:00Z,baseline,CAR,0.451267995324645,0.10646738134546359
0,2026-08-20T16:00:00Z,baseline,CHI,0.5826971673410473,0.10608293194597491
0,2026-08-20T16:00:00Z,baseline,CIN,-0.8403679590299195,0.10607088827858233
0,2026-08-20T16:00:00Z,baseline,CLE,-0.5175264495616129,0.1059812294878293
0,2026-08-20T16:00:00Z,baseline,DAL,0.15330460220453612,0.10588553954963492
0,2026-08-20T16:00:00Z,baseline,DEN,-0.37385363149082873,0.10616040776751558
0,2026-08-20T16:00:00Z,baseline,DET,-0.9375044978808091,0.10598289973792503
0,2026-08-20T16:00:00Z,baseline,GB,0.5304846361918575,0.10629281244614922
0,2026-08-20T16:00:00Z,baseline,HOU,0.2713488815271811,0.10645384136014384
0,2026-08-20T16:00:00Z,baseline,IND,0.25253651168499225,0.10612414740091443
0,2026-08-20T16:00:00Z,baseline,JAX,-0.38916272147189135,0.10597846758978026
0,2026-08-20T16:00:00Z,baseline,KC,0.5882053309709316,0.10589282405547983
0,2026-08-20T16:00:00Z,baseline,LAC,-0.1542807337660556,0.1062441190391511
0,2026-08-20T16:00:00Z,baseline,LAR,0.6060381036574449,0.10640318343354085
0,2026-08-20T16:00:00Z,baseline,LV,-0.6055702646092431,0.10616094753122393
0,2026-08-20T16:00:00Z,baseline,MIA,-0.5561822829178024,0.10609543389032115
0,2026-08-20T16:00:00Z,baseline,MIN,0.056123987457865336,0.10597041915131396
0,2026-08-20T16:00:00Z,baseline,NE,-0.45574112323237126,0.1062293216162484
0,2026-08-20T16:00:00Z,baseline,NO,0.28848761314243476,0.10653205488015387
0,2026-08-20T16:00:00Z,baseline,NYG,0.17149200293255035,0.10616517617357854
0,2026-08-20T16:00:00Z,baseline,NYJ,-0.6692647088592384,0.10625442430482289
0,2026-08-20T16:00:00Z,baseline,PHI,-0.022447058643629454,0.10608936267129115
0,2026-08-20T16:00:00Z,baseline,PIT,-0.17196248073298953,0.10599579285189255
0,2026-08-20T16:00:00Z,baseline,SEA,0.46193760707842874,0.10614129905378347
0,2026-08-20T16:00:00Z,baseline,SF,-0.44715734876554586,0.1064416099846265
0,2026-08-20T16:00:00Z,baseline,TB,-0.21428372363363224,0.10625631353929359
0,2026-08-20T16:00:00Z,baseline,TEN,0.659043746639503,0.10627650933826542
0,2026-08-20T16:00:00Z,baseline,WAS,1.2752562346242922,0.10598784246394737
1,2026-09-15T15:00:00Z,update,ARI,0.9398266729275075,0.11600748839083641
1,2026-09-15T15:00:00Z,update,ATL,-0.610929225462141,0.11568813034227358
1,2026-09-15T15:00:00Z,update,BAL,-0.10946081005165598,0.11554912833556277
1,2026-09-15T15:00:00Z,update,BUF,-0.11895070963755222,0.11559618382146189
1,2026-09-15T15:00:00Z,update,CAR,0.4191182698507287,0.11624888963872586
1,2026-09-15T15:00:00Z,update,CHI,0.5941400775027468,0.11571902471959591
1,2026-09-15T15:00:00Z,update,CIN,-0.9366550556081432,0.1153508445809894
1,2026-09-15T15:00:00Z,update,CLE,-0.577529989978504,0.11536554542542592
1,2026-09-15T15:00:00Z,update,DAL,0.1593011929172099,0.11541714517110133
1,2026-09-15T15:00:00Z,update,DEN,-0.3960010939468852,0.11556586866475177
1,2026-09-15T15:00:00Z,update,DET,-0.9874589634806749,0.11569226682957345
1,2026-09-15T15:00:00Z,update,GB,0.5319364146959658,0.116125091055859
1,2026-09-15T15:00:00Z,update,HOU,0.26523958211605936,0.14381038818620476
1,2026-09-15T15:00:00Z,update,IND,0.2855137583425002,0.11534621840520691
1,2026-09-15T15:00:00Z,update,JAX,-0.30097277085251495,0.1157339489814613
1,2026-09-15T15:00:00Z,update,KC,0.6042190990193995,0.11552041015692736
1,2026-09-15T15:00:00Z,update,LAC,-0.15900501828504543,0.11546049531144255
1,2026-09-15T15:00:00Z,update,LAR,0.6456216296569819,0.11588899917099721
1,2026-09-15T15:00:00Z,update,LV,-0.6366207821990176,0.1155355853524341
1,2026-09-15T15:00:00Z,update,MIA,-0.4943691464803441,0.11579705781895165
1,2026-09-15T15:00:00Z,update,MIN,0.09972320016114439,0.11556352068661142
1,2026-09-15T15:00:00Z,update,NE,-0.39276585371268097,0.11569243313450736
1,2026-09-15T15:00:00Z,update,NO,0.22361047411208534,0.14315187769710994
1,2026-09-15T15:00:00Z,update,NYG,0.13492188656789822,0.1156964983285426
1,2026-09-15T15:00:00Z,update,NYJ,-0.6009918133245524,0.1431289783826072
1,2026-09-15T15:00:00Z,update,PHI,-0.030773474905848384,0.11566147216102786
1,2026-09-15T15:00:00Z,update,PIT,-0.18568211820962652,0.11550591864474107
1,2026-09-15T15:00:00Z,update,SEA,0.46414294419253815,0.11560918779396887
1,2026-09-15T15:00:00Z,update,SF,-0.44322667663187404,0.14381091833513637
1,2026-09-15T15:00:00Z,update,TB,-0.2942625881617426,0.11556831911229042
1,2026-09-15T15:00:00Z,update,TEN,0.7261969752775147,0.11551830327298342
1,2026-09-15T15:00:00Z,update,WAS,1.1821439135885234,0.11569053676781309
2,2026-09-22T15:00:00Z,update,ARI,1.1452964230816014,0.10164009708994652
2,2026-09-22T15:00:00Z,update,ATL,-0.5868694700598124,0.10313784522135783
2,2026-09-22T15:00:00Z,update,BAL,-0.11717337773088574,0.10364829509351339
2,2026-09-22T15:00:00Z,update,BUF,-0.12311518586170768,0.10603840974881414
2,2026-09-22T15:00:00Z,update,CAR,0.48581729915141314,0.10192246514572187
2,2026-09-22T15:00:00Z,update,CHI,0.6259073861987301,0.10321300043061324
2,2026-09-22T15:00:00Z,update,CIN,-0.8927092789966286,0.10120934159552912
2,2026-09-22T15:00:00Z,update,CLE,-0.4789579746021251,0.10114298033590034
2,2026-09-22T15:00:00Z,update,DAL,0.24129646213338968,0.1015859876677591
2,2026-09-22T15:00:00Z,update,DEN,-0.4555323673309589,0.10439401057316323
2,2026-09-22T15:00:00Z,update,DET,-0.9829148035676281,0.10116877049964747
2,2026-09-22T15:00:00Z,update,GB,0.5677859228287958,0.10251321202865617
2,2026-09-22T15:00:00Z,update,HOU,0.2221728810836079,0.15278260692062542
2,2026-09-22T15:00:00Z,update,IND,-0.02445682384012489,0.10110778594809776
2,2026-09-22T15:00:00Z,update,JAX,-0.37245945493709326,0.1013804906395036
2,2026-09-22T15:00:00Z,update,KC,0.29509119904604536,0.10181412001283931
2,2026-09-22T15:00:00Z,update,LAC,-0.12248722653863824,0.10149620975179369
2,2026-09-22T15:00:00Z,update,LAR,0.6499619094143766,0.10145414053050873
2,2026-09-22T15:00:00Z,update,LV,-0.7003210228405672,0.10158159012795623
2,2026-09-22T15:00:00Z,update,MIA,-0.5477682755656597,0.10134454669460949
2,2026-09-22T15:00:00Z,update,MIN,0.17944781712113056,0.1021127574094987
2,2026-09-22T15:00:00Z,update,NE,-0.45684685048966367,0.10179321106666617
2,2026-09-22T15:00:00Z,update,NO,0.2672671195936638,0.11208722685394402
2,2026-09-22T15:00:00Z,update,NYG,0.14371618580849022,0.10597477648911997
2,2026-09-22T15:00:00Z,update,NYJ,-0.7290400297482998,0.1120160075276255
2,2026-09-22T15:00:00Z,update,PHI,-0.3141582764139432,0.10116252250204881
2,2026-09-22T15:00:00Z,update,PIT,0.06805000630745285,0.1012628070092881
2,2026-09-22T15:00:00Z,update,SEA,0.5740577907473011,0.10254616162412199
2,2026-09-22T15:00:00Z,update,SF,-0.39789537087372834,0.15278238106211722
2,2026-09-22T15:00:00Z,update,TB,-0.3470996180312245,0.10161008402139193
2,2026-09-22T15:00:00Z,update,TEN,1.0277071317487554,0.10253189767402793
2,2026-09-22T15:00:00Z,update,WAS,1.1562298731639358,0.10149783220822088
3,2026-09-29T15:00:00Z,update,ARI,1.2647741409092954,0.09889319118553216
3,2026-09-29T15:00:00Z,update,ATL,-0.610897966148987,0.09748925797981631
3,2026-09-29T15:00:00Z,update,BAL,-0.10505352638790703,0.09755165563812199
3,2026-09-29T15:00:00Z,update,BUF,-0.12774675421452192,0.09792414311180404
3,2026-09-29T15:00:00Z,update,CAR,0.47171725660709085,0.0990244381144815
3,2026-09-29T15:00:00Z,update,CHI,0.618362623923905,0.09810976962711307
3,2026-09-29T15:00:00Z,update,CIN,-0.8729250669864111,0.09719770528860823
3,2026-09-29T15:00:00Z,update,CLE,-0.5886483377450202,0.09946351679698176
3,2026-09-29T15:00:00Z,update,DAL,0.20738135601801422,0.09924471021703994
3,2026-09-29T15:00:00Z,update,DEN,-0.43984668871095045,0.09826324973068941
3,2026-09-29T15:00:00Z,update,DET,-0.9967123919014717,0.10989599239221381
3,2026-09-29T15:00:00Z,update,GB,0.5800314527066049,0.09796142005059563
3,2026-09-29T15:00:00Z,update,HOU,0.23535148363357838,0.11370144922895524
3,2026-09-29T15:00:00Z,update,IND,-0.14131471860064537,0.09729398376438321
3,2026-09-29T15:00:00Z,update,JAX,-0.2997298549065588,0.11034234992155749
3,2026-09-29T15:00:00Z,update,KC,0.17363214248340403,0.09827377593257411
3,2026-09-29T15:00:00Z,update,LAC,-0.09590244241394365,0.09757729683580722
3,2026-09-29T15:00:00Z,update,LAR,0.6465248895036081,0.09774719605895454
3,2026-09-29T15:00:00Z,update,LV,-0.5984240570849693,0.0977133003721887
3,2026-09-29T15:00:00Z,update,MIA,-0.542863438968941,0.09842420371692602
3,2026-09-29T15:00:00Z,update,MIN,0.19887296608397054,0.09905283909873452
3,2026-09-29T15:00:00Z,update,NE,-0.477603210395223,0.09914147837220703
3,2026-09-29T15:00:00Z,update,NO,0.26435140954173114,0.09950281972905715
3,2026-09-29T15:00:00Z,update,NYG,0.14842389982750664,0.09811700224294213
3,2026-09-29T15:00:00Z,update,NYJ,-0.6979079694287948,0.09988508808959792
3,2026-09-29T15:00:00Z,update,PHI,-0.4393849706542719,0.09950014959448501
3,2026-09-29T15:00:00Z,update,PIT,0.09325399716556435,0.09957227898137268
3,2026-09-29T15:00:00Z,update,SEA,0.5329315153291466,0.09781596500845058
3,2026-09-29T15:00:00Z,update,SF,-0.4236295427626751,0.11372145895998696
3,2026-09-29T15:00:00Z,update,TB,-0.3182855072478757,0.09784539024904139
3,2026-09-29T15:00:00Z,update,TEN,1.0714529165693556,0.09904458514623671
3,2026-09-29T15:00:00Z,update,WAS,1.2698143942563922,0.0982301048438929
4,2026-10-06T15:00:00Z,update,ARI,1.241104731054587,0.09700255295814036
4,2026-10-06T15:00:00Z,update,ATL,-0.6662490431861464,0.0968207483599456
4,2026-10-06T15:00:00Z,update,BAL,-0.06980317229700767,0.09715265168981414
4,2026-10-06T15:00:00Z,update,BUF,-0.15007663932536877,0.09772746874371753
4,2026-10-06T15:00:00Z,update,CAR,0.5202281798409324,0.10999722195927325
4,2026-10-06T15:00:00Z,update,CHI,0.6642514209236852,0.09711953977669095
4,2026-10-06T15:00:00Z,update,CIN,-0.9447836840079954,0.09620973645857325
4,2026-10-06T15:00:00Z,update,CLE,-0.6899474006578249,0.0982941103409214
4,2026-10-06T15:00:00Z,update,DAL,0.24419074678387004,0.09839130078998759
4,2026-10-06T15:00:00Z,update,DEN,-0.4529533735327406,0.09779666502436099
4,2026-10-06T15:00:00Z,update,DET,-0.9687242542372313,0.11153213416724153
4,2026-10-06T15:00:00Z,update,GB,0.5231049329877788,0.09873216783464533
4,2026-10-06T15:00:00Z,update,HOU,0.3404375590143298,0.10233600083142139
4,2026-10-06T15:00:00Z,update,IND,-0.25999737236229825,0.09694629100169289
4,2026-10-06T15:00:00Z,update,JAX,-0.276658376607803,0.11109832846548981
4,2026-10-06T15:00:00Z,update,KC,0.1264854490993683,0.09765379700749455
4,2026-10-06T15:00:00Z,update,LAC,-0.1134960261520972,0.0969698843180085
4,2026-10-06T15:00:00Z,update,LAR,0.6331416048590895,0.0973461511945798
4,2026-10-06T15:00:00Z,update,LV,-0.5555490491169768,0.09638956784344901
4,2026-10-06T15:00:00Z,update,MIA,-0.4633163994415296,0.0972761956997768
4,2026-10-06T15:00:00Z,update,MIN,0.1926799034993605,0.09769703235859484
4,2026-10-06T15:00:00Z,update,NE,-0.47147879415807986,0.09775549696860913
4,2026-10-06T15:00:00Z,update,NO,0.2543255401740712,0.10961121338888549
4,2026-10-06T15:00:00Z,update,NYG,0.09924835307373098,0.09642368260036897
4,2026-10-06T15:00:00Z,update,NYJ,-0.7248488965796084,0.10064442463616777
4,2026-10-06T15:00:00Z,update,PHI,-0.4979627922570318,0.11005807596620376
4,2026-10-06T15:00:00Z,update,PIT,0.2269704295133768,0.09787775766450238
4,2026-10-06T15:00:00Z,update,SEA,0.5140842026200292,0.09841736014366553
4,2026-10-06T15:00:00Z,update,SF,-0.34129043200337084,0.10536541522323195
4,2026-10-06T15:00:00Z,update,TB,-0.32841956383785864,0.09738966057358091
4,2026-10-06T15:00:00Z,update,TEN,1.0992039933052555,0.11265585238415322
4,2026-10-06T15:00:00Z,update,WAS,1.2960982230115041,0.10033310811065979
5,2026-10-13T15:00:00Z,update,ARI,1.1804739259485322,0.09843133307254437
5,2026-10-13T15:00:00Z,update,ATL,-0.6119585307631883,0.09819787102956477
5,2026-10-13T15:00:00Z,update,BAL,-0.12987737222889204,0.09752818861244959
5,2026-10-13T15:00:00Z,update,BUF,-0.1431964575109252,0.1097904658781405
5,2026-10-13T15:00:00Z,update,CAR,0.45586026161122933,0.11145780636388504
5,2026-10-13T15:00:00Z,update,CHI,0.6660770921179833,0.09895718277502656
5,2026-10-13T15:00:00Z,update,CIN,-0.9375783950589762,0.09699047051795612
5,2026-10-13T15:00:00Z,update,CLE,-0.6653740547497237,0.09746653693458958
5,2026-10-13T15:00:00Z,update,DAL,0.21137819460125654,0.09947202859428747
5,2026-10-13T15:00:00Z,update,DEN,-0.43675951628318155,0.09927302808490213
5,2026-10-13T15:00:00Z,update,DET,-0.9338190967852796,0.10539442495168151
5,2026-10-13T15:00:00Z,update,GB,0.4994947040978834,0.09833589142260671
5,2026-10-13T15:00:00Z,update,HOU,0.3253753003738763,0.10022907714886348
5,2026-10-13T15:00:00Z,update,IND,-0.30209817970181535,0.10938060978214371
5,2026-10-13T15:00:00Z,update,JAX,-0.2576715613663886,0.10249911789639603
5,2026-10-13T15:00:00Z,update,KC,0.08100877109086409,0.09839336008804724
5,2026-10-13T15:00:00Z,update,LAC,-0.11382346691001148,0.09888678508299989
5,2026-10-13T15:00:00Z,update,LAR,0.6036391326519521,0.10083805176904738
5,2026-10-13T15:00:00Z,update,LV,-0.5846828764765248,0.10883071003484342
5,2026-10-13T15:00:00Z,update,MIA,-0.5349119248233853,0.099011769031444
5,2026-10-13T15:00:00Z,update,MIN,0.19420818738278406,0.09873221213005413
5,2026-10-13T15:00:00Z,update,NE,-0.47193501656543885,0.10141861305855866
5,2026-10-13T15:00:00Z,update,NO,0.334289033940986,0.1119750233610656
5,2026-10-13T15:00:00Z,update,NYG,0.040936955418942406,0.09732007215824325
5,2026-10-13T15:00:00Z,update,NYJ,-0.6587828402156343,0.09867468034789853
5,2026-10-13T15:00:00Z,update,PHI,-0.536800518761898,0.11828908617158462
5,2026-10-13T15:00:00Z,update,PIT,0.3301438780538452,0.09743590527973263
5,2026-10-13T15:00:00Z,update,SEA,0.5255373961796198,0.0994370795481441
5,2026-10-13T15:00:00Z,update,SF,-0.24171920341398456,0.09970632270151122
5,2026-10-13T15:00:00Z,update,TB,-0.31335746686459853,0.10910471896993464
5,2026-10-13T15:00:00Z,update,TEN,1.1370448229793542,0.1132335101959634
5,2026-10-13T15:00:00Z,update,WAS,1.2888788220307374,0.10605394076747574
6,2026-10-20T15:00:00Z,update,ARI,1.232510501446221,0.09883044264625525
6,2026-10-20T15:00:00Z,update,ATL,-0.5896506566630451,0.09846340925377674
6,2026-10-20T15:00:00Z,update,BAL,-0.10935906560967038,0.09797831119309469
6,2026-10-20T15:00:00Z,update,BUF,-0.1766944813976588,0.11202685079074737
6,2026-10-20T15:00:00Z,update,CAR,0.3843146866562996,0.10244062312501048
6,2026-10-20T15:00:00Z,update,CHI,0.6142903755791733,0.101685354568119
6,2026-10-20T15:00:00Z,update,CIN,-1.02830919247277,0.09793367736720393
6,2026-10-20T15:00:00Z,update,CLE,-0.598531184057262,0.09932517724196958
6,2026-10-20T15:00:00Z,update,DAL,0.1574980186764487,0.09859694544425654
6,2026-10-20T15:00:00Z,update,DEN,-0.3842977968798604,0.0988494870506716
6,2026-10-20T15:00:00Z,update,DET,-0.8940169290049953,0.10087590932164087
6,2026-10-20T15:00:00Z,update,GB,0.5303517394794194,0.09872389785083713
6,2026-10-20T15:00:00Z,update,HOU,0.34813946074973634,0.11118480081277121
6,2026-10-20T15:00:00Z,update,IND,-0.3182786748307808,0.11253671075945525
6,2026-10-20T15:00:00Z,update,JAX,-0.178795238211349,0.09932677569590953
6,2026-10-20T15:00:00Z,update,KC,-0.019551771057566836,0.10016112749689819
6,2026-10-20T15:00:00Z,update,LAC,-0.15135395677510677,0.09852070944422225
6,2026-10-20T15:00:00Z,update,LAR,0.5775708042044958,0.11198097765778012
6,2026-10-20T15:00:00Z,update,LV,-0.5210814685773981,0.11433873896035467
6,2026-10-20T15:00:00Z,update,MIA,-0.5511163863385117,0.1122271137311884
6,2026-10-20T15:00:00Z,update,MIN,0.10577123489035975,0.09816649692405309
6,2026-10-20T15:00:00Z,update,NE,-0.46847210860514515,0.10149480083839518
6,2026-10-20T15:00:00Z,update,NO,0.3397890494070159,0.10602637011161611
6,2026-10-20T15:00:00Z,update,NYG,-0.005039459031376925,0.10977092200062971
6,2026-10-20T15:00:00Z,update,NYJ,-0.5768401290157653,0.09791335567505509
6,2026-10-20T15:00:00Z,update,PHI,-0.573989617784263,0.10517323966171079
6,2026-10-20T15:00:00Z,update,PIT,0.38473094681823167,0.09786792632862183
6,2026-10-20T15:00:00Z,update,SEA,0.5592682620723175,0.09996922424050193
6,2026-10-20T15:00:00Z,update,SF,-0.25706814548568935,0.09849029921144703
6,2026-10-20T15:00:00Z,update,TB,-0.38474948264663256,0.1145082153212295
6,2026-10-20T15:00:00Z,update,TEN,1.2078756626699432,0.10331549632488404
6,2026-10-20T15:00:00Z,update,WAS,1.3450850017951852,0.10165018101277212
7,2026-10-27T15:00:00Z,update,ARI,1.1692426662215476,0.11065088625941291
7,2026-10-27T15:00:00Z,update,ATL,-0.5544269667250016,0.0995979886792581
7,2026-10-27T15:00:00Z,update,BAL,-0.13469175018438956,0.10007595163722406
7,2026-10-27T15:00:00Z,update,BUF,-0.2138222281165093,0.10395278886668179
7,2026-10-27T15:00:00Z,update,CAR,0.43083620369857345,0.10294625701286303
7,2026-10-27T15:00:00Z,update,CHI,0.5267799830122475,0.10274311545734152
7,2026-10-27T15:00:00Z,update,CIN,-1.023120422845828,0.10025798015694112
7,2026-10-27T15:00:00Z,update,CLE,-0.6743312519228355,0.10021044720939973
7,2026-10-27T15:00:00Z,update,DAL,0.11638001652644768,0.11206205295548516
7,2026-10-27T15:00:00Z,update,DEN,-0.43081484862826913,0.10133610745060424
7,2026-10-27T15:00:00Z,update,DET,-0.809249293515903,0.0994476707831586
7,2026-10-27T15:00:00Z,update,GB,0.4920388444230743,0.09981581086930134
7,2026-10-27T15:00:00Z,update,HOU,0.3235971725305422,0.11366838809203664
7,2026-10-27T15:00:00Z,update,IND,-0.30213213148479956,0.10448418831424691
7,2026-10-27T15:00:00Z,update,JAX,-0.19590351339611584,0.1013004685539769
7,2026-10-27T15:00:00Z,update,KC,0.004489297621337315,0.09922877238777027
7,2026-10-27T15:00:00Z,update,LAC,-0.11864973519022234,0.10053251297537139
7,2026-10-27T15:00:00Z,update,LAR,0.5478468286254315,0.11489491977504039
7,2026-10-27T15:00:00Z,update,LV,-0.5314512589651172,0.10539753157680379
7,2026-10-27T15:00:00Z,update,MIA,-0.5091820089380249,0.12081264995792373
7,2026-10-27T15:00:00Z,update,MIN,0.16336843208723667,0.10101730543855894
7,2026-10-27T15:00:00Z,update,NE,-0.40890786110943356,0.10144596825558207
7,2026-10-27T15:00:00Z,update,NO,0.3602124273539872,0.10906479935213904
7,2026-10-27T15:00:00Z,update,NYG,-0.03743272118620856,0.11342336972214925
7,2026-10-27T15:00:00Z,update,NYJ,-0.5545151616631913,0.11040541135467477
7,2026-10-27T15:00:00Z,update,PHI,-0.6050252083196147,0.10135904154600715
7,2026-10-27T15:00:00Z,update,PIT,0.37522452215469654,0.11159791018367486
7,2026-10-27T15:00:00Z,update,SEA,0.5440525037953665,0.10005404834149983
7,2026-10-27T15:00:00Z,update,SF,-0.2432309120409817,0.10179056240981872
7,2026-10-27T15:00:00Z,update,TB,-0.3462223884984961,0.10513379427293124
7,2026-10-27T15:00:00Z,update,TEN,1.2777824967207625,0.10177850923907662
7,2026-10-27T15:00:00Z,update,WAS,1.3612582679596905,0.10262234170563271
8,2026-11-03T15:00:00Z,update,ARI,1.1823983266238645,0.11429952853820041
8,2026-11-03T15:00:00Z,update,ATL,-0.5745456788584666,0.11466262309013583
8,2026-11-03T15:00:00Z,update,BAL,-0.1335467076374754,0.10055449878836858
8,2026-11-03T15:00:00Z,update,BUF,-0.21424725794077304,0.10217011439236985
8,2026-11-03T15:00:00Z,update,CAR,0.47562107571306544,0.1153748866051629
8,2026-11-03T15:00:00Z,update,CHI,0.5541024003314502,0.10174531229709137
8,2026-11-03T15:00:00Z,update,CIN,-1.059466901091258,0.11245109672914907
8,2026-11-03T15:00:00Z,update,CLE,-0.6646487166550881,0.11480465810080152
8,2026-11-03T15:00:00Z,update,DAL,0.07990805246468917,0.11640179047923498
8,2026-11-03T15:00:00Z,update,DEN,-0.4453002196204147,0.10127025921328746
8,2026-11-03T15:00:00Z,update,DET,-0.8042034237278183,0.10039171597807482
8,2026-11-03T15:00:00Z,update,GB,0.4616063384663502,0.10379904662309972
8,2026-11-03T15:00:00Z,update,HOU,0.3296401444597946,0.10597485807927241
8,2026-11-03T15:00:00Z,update,IND,-0.27310879087415274,0.10215426378382672
8,2026-11-03T15:00:00Z,update,JAX,-0.15121496948082092,0.10134927296230284
8,2026-11-03T15:00:00Z,update,KC,0.02208919579826071,0.11170710645195023
8,2026-11-03T15:00:00Z,update,LAC,-0.09260208714507621,0.10026767706661428
8,2026-11-03T15:00:00Z,update,LAR,0.49114106667588764,0.1190312071019437
8,2026-11-03T15:00:00Z,update,LV,-0.5264723820107875,0.10495483588682648
8,2026-11-03T15:00:00Z,update,MIA,-0.5234188748475264,0.10775551161059206
8,2026-11-03T15:00:00Z,update,MIN,0.11215669419157148,0.10078531016966204
8,2026-11-03T15:00:00Z,update,NE,-0.4037506285445005,0.10266503646530373
8,2026-11-03T15:00:00Z,update,NO,0.3772777617308981,0.10492590804703271
8,2026-11-03T15:00:00Z,update,NYG,0.008410827661080665,0.10512426217458572
8,2026-11-03T15:00:00Z,update,NYJ,-0.519200082704537,0.11609299553092442
8,2026-11-03T15:00:00Z,update,PHI,-0.6243918515602229,0.10150167313988873
8,2026-11-03T15:00:00Z,update,PIT,0.4036098676458865,0.11416700664616637
8,2026-11-03T15:00:00Z,update,SEA,0.5080974224215837,0.10280533599581725
8,2026-11-03T15:00:00Z,update,SF,-0.23926579482525492,0.10121338613556267
8,2026-11-03T15:00:00Z,update,TB,-0.3927590762158255,0.10268071930440321
8,2026-11-03T15:00:00Z,update,TEN,1.2345899189913736,0.10492106723315449
8,2026-11-03T15:00:00Z,update,WAS,1.4014943505642419,0.10069022142978974
