game_id,source_game_id,season,week,game_date,away_team,home_team,home_win_prob,away_win_prob,prob_source,original_vegas_home_prob,original_vegas_ts,latest_vegas_home_prob,latest_home_odds,latest_away_odds,last_vegas_refresh_ts,refresh_count,last_refresh_version,adj_active,adj_logit,adj_home_prob_delta,line_age_weeks,age_weight,home_sb_move,away_sb_move,home_strength_shift,away_strength_shift,matchup_shift,sb_ref_snapshot_id,sb_now_snapshot_id,is_frozen,frozen_at_version,last_updated_version
2026-W01-ATL@HOU,SRC0000,2026,1,2026-09-13,ATL,HOU,0.7543520309477756,0.2456479690522244,VEGAS_PRESEASON,0.7543520309477756,2026-08-20T12:00:00Z,0.7543520309477756,1.27,3.9,2026-08-20T12:00:00Z,0,1,False,0.0,0.0,,,,,,,,,,False,,1
2026-W01-BAL@CIN,SRC0005,2026,1,2026-09-13,BAL,CIN,0.3707317073170731,0.6292682926829269,VEGAS_PRESEASON,0.3707317073170731,2026-08-20T12:00:00Z,0.3707317073170731,2.58,1.52,2026-08-20T12:00:00Z,0,1,False,0.0,0.0,,,,,,,,,,False,,1
2026-W01-CHI@MIN,SRC0013,2026,1,2026-09-13,CHI,MIN,0.4271099744245524,0.5728900255754477,VEGAS_PRESEASON,0.4271099744245524,2026-08-20T12:00:00Z,0.4271099744245524,2.24,1.67,2026-08-20T12:00:00Z,0,1,False,0.0,0.0,,,,,,,,,,False,,1
2026-W01-CLE@CAR,SRC0006,2026,1,2026-09-13,CLE,CAR,0.7825311942959002,0.21746880570409977,VEGAS_PRESEASON,0.7825311942959002,2026-08-20T12:00:00Z,0.7825311942959002,1.22,4.39,2026-08-20T12:00:00Z,0,1,False,0.0,0.0,,,,,,,,,,False,,1
2026-W01-DAL@PIT,SRC0010,2026,1,2026-09-13,DAL,PIT,0.47135416666666663,0.5286458333333334,VEGAS_PRESEASON,0.47135416666666663,2026-08-20T12:00:00Z,0.47135416666666663,2.03,1.81,2026-08-20T12:00:00Z,0,1,False,0.0,0.0,,,,,,,,,,False,,1
2026-W01-DEN@TB,SRC0012,2026,1,2026-09-13,DEN,TB,0.5954773869346733,0.40452261306532666,VEGAS_PRESEASON,0.5954773869346733,2026-08-20T12:00:00Z,0.5954773869346733,1.61,2.37,2026-08-20T12:00:00Z,0,1,False,0.0,0.0,,,,,,,,,,False,,1
2026-W01-GB@KC,SRC0014,2026,1,2026-09-13,GB,KC,0.5717948717948719,0.4282051282051281,VEGAS_PRESEASON,0.5717948717948719,2026-08-20T12:00:00Z,0.5717948717948719,1.67,2.23,2026-08-20T12:00:00Z,0,1,False,0.0,0.0,,,,,,,,,,False,,1
2026-W01-JAX@TEN,SRC0009,2026,1,2026-09-13,JAX,TEN,0.7799642218246869,0.22003577817531306,VEGAS_PRESEASON,0.7799642218246869,2026-08-20T12:00:00Z,0.7799642218246869,1.23,4.36,2026-08-20T12:00:00Z,0,1,False,0.0,0.0,,,,,,,,,,False,,1
2026-W01-LV@ARI,SRC0004,2026,1,2026-09-13,LV,ARI,0.8401122019635344,0.15988779803646558,VEGAS_PRESEASON,0.8401122019635344,2026-08-20T12:00:00Z,0.8401122019635344,1.14,5.99,2026-08-20T12:00:00Z,0,1,False,0.0,0.0,,,,,,,,,,False,,1
2026-W01-MIA@DET,SRC0001,2026,1,2026-09-13,MIA,DET,0.46874999999999994,0.53125,VEGAS_PRESEASON,0.46874999999999994,2026-08-20T12:00:00Z,0.46874999999999994,2.04,1.8,2026-08-20T12:00:00Z,0,1,False,0.0,0.0,,,,,,,,,,False,,1
2026-W01-NE@PHI,SRC0008,2026,1,2026-09-13,NE,PHI,0.665893271461717,0.33410672853828305,VEGAS_PRESEASON,0.665893271461717,2026-08-20T12:00:00Z,0.665893271461717,1.44,2.87,2026-08-20T12:00:00Z,0,1,False,0.0,0.0,,,,,,,,,,False,,1
2026-W01-NO@LAR,SRC0011,2026,1,2026-09-13,NO,LAR,0.625,0.375,VEGAS_PRESEASON,0.625,2026-08-20T12:00:00Z,0.625,1.53,2.55,2026-08-20T12:00:00Z,0,1,False,0.0,0.0,,,,,,,,,,False,,1
2026-W01-NYG@LAC,SRC0003,2026,1,2026-09-13,NYG,LAC,0.4960835509138382,0.5039164490861618,VEGAS_PRESEASON,0.4960835509138382,2026-08-20T12:00:00Z,0.4960835509138382,1.93,1.9,2026-08-20T12:00:00Z,0,1,False,0.0,0.0,,,,,,,,,,False,,1
2026-W01-NYJ@BUF,SRC0007,2026,1,2026-09-13,NYJ,BUF,0.6467780429594271,0.3532219570405729,VEGAS_PRESEASON,0.6467780429594271,2026-08-20T12:00:00Z,0.6467780429594271,1.48,2.71,2026-08-20T12:00:00Z,0,1,False,0.0,0.0,,,,,,,,,,False,,1
2026-W01-SEA@IND,SRC0015,2026,1,2026-09-13,SEA,IND,0.5117493472584856,0.48825065274151436,VEGAS_PRESEASON,0.5117493472584856,2026-08-20T12:00:00Z,0.5117493472584856,1.87,1.96,2026-08-20T12:00:00Z,0,1,False,0.0,0.0,,,,,,,,,,False,,1
2026-W01-SF@WAS,SRC0002,2026,1,2026-09-13,SF,WAS,0.8723897911832946,0.12761020881670537,VEGAS_PRESEASON,0.8723897911832946,2026-08-20T12:00:00Z,0.8723897911832946,1.1,7.52,2026-08-20T12:00:00Z,0,1,False,0.0,0.0,,,,,,,,,,False,,1
2026-W02-ARI@GB,SRC0018,2026,2,2026-09-20,ARI,GB,0.4856396866840731,0.5143603133159269,VEGAS_PRESEASON,0.4856396866840731,2026-08-20T12:00:00Z,0.4856396866840731,1.97,1.86,2026-08-20T12:00:00Z,0,1,False,0.0,0.0,,,,,,,,,,False,,1
2026-W02-BAL@PIT,SRC0019,2026,2,2026-09-20,BAL,PIT,0.5440414507772021,0.4559585492227979,VEGAS_PRESEASON,0.5440414507772021,2026-08-20T12:00:00Z,0.5440414507772021,1.76,2.1,2026-08-20T12:00:00Z,0,1,False,0.0,0.0,,,,,,,,,,False,,1
2026-W02-BUF@DEN,SRC0025,2026,2,2026-09-20,BUF,DEN,0.5039164490861618,0.49608355091383816,VEGAS_PRESEASON,0.5039164490861618,2026-08-20T12:00:00Z,0.5039164490861618,1.9,1.93,2026-08-20T12:00:00Z,0,1,False,0.0,0.0,,,,,,,,,,False,,1
2026-W02-CAR@LAR,SRC0029,2026,2,2026-09-20,CAR,LAR,0.6138613861386137,0.38613861386138626,VEGAS_PRESEASON,0.6138613861386137,2026-08-20T12:00:00Z,0.6138613861386137,1.56,2.48,2026-08-20T12:00:00Z,0,1,False,0.0,0.0,,,,,,,,,,False,,1
2026-W02-CIN@DAL,SRC0017,2026,2,2026-09-20,CIN,DAL,0.7948717948717949,0.20512820512820507,VEGAS_PRESEASON,0.7948717948717949,2026-08-20T12:00:00Z,0.7948717948717949,1.2,4.65,2026-08-20T12:00:00Z,0,1,False,0.0,0.0,,,,,,,,,,False,,1
2026-W02-HOU@SF,SRC0023,2026,2,2026-09-20,HOU,SF,0.3984962406015038,0.6015037593984962,VEGAS_PRESEASON,0.3984962406015038,2026-08-20T12:00:00Z,0.3984962406015038,2.4,1.59,2026-08-20T12:00:00Z,0,1,False,0.0,0.0,,,,,,,,,,False,,1
2026-W02-IND@LV,SRC0021,2026,2,2026-09-20,IND,LV,0.3614457831325302,0.6385542168674698,VEGAS_PRESEASON,0.3614457831325302,2026-08-20T12:00:00Z,0.3614457831325302,2.65,1.5,2026-08-20T12:00:00Z,0,1,False,0.0,0.0,,,,,,,,,,False,,1
2026-W02-JAX@PHI,SRC0022,2026,2,2026-09-20,JAX,PHI,0.65,0.35,VEGAS_PRESEASON,0.65,2026-08-20T12:00:00Z,0.65,1.47,2.73,2026-08-20T12:00:00Z,0,1,False,0.0,0.0,,,,,,,,,,False,,1
2026-W02-KC@WAS,SRC0028,2026,2,2026-09-20,KC,WAS,0.7287784679089027,0.27122153209109734,VEGAS_PRESEASON,0.7287784679089027,2026-08-20T12:00:00Z,0.7287784679089027,1.31,3.52,2026-08-20T12:00:00Z,0,1,False,0.0,0.0,,,,,,,,,,False,,1
2026-W02-LAC@CLE,SRC0026,2026,2,2026-09-20,LAC,CLE,0.45219638242894056,0.5478036175710594,VEGAS_PRESEASON,0.45219638242894056,2026-08-20T12:00:00Z,0.45219638242894056,2.12,1.75,2026-08-20T12:00:00Z,0,1,False,0.0,0.0,,,,,,,,,,False,,1
2026-W02-MIA@ATL,SRC0024,2026,2,2026-09-20,MIA,ATL,0.5376623376623377,0.46233766233766227,VEGAS_PRESEASON,0.5376623376623377,2026-08-20T12:00:00Z,0.5376623376623377,1.78,2.07,2026-08-20T12:00:00Z,0,1,False,0.0,0.0,,,,,,,,,,False,,1
2026-W02-NE@SEA,SRC0020,2026,2,2026-09-20,NE,SEA,0.7859649122807019,0.21403508771929813,VEGAS_PRESEASON,0.7859649122807019,2026-08-20T12:00:00Z,0.7859649122807019,1.22,4.48,2026-08-20T12:00:00Z,0,1,False,0.0,0.0,,,,,,,,,,False,,1
2026-W02-NO@NYJ,SRC0030,2026,2,2026-09-20,NO,NYJ,0.3317865429234339,0.6682134570765661,VEGAS_PRESEASON,0.3317865429234339,2026-08-20T12:00:00Z,0.3317865429234339,2.88,1.43,2026-08-20T12:00:00Z,0,1,False,0.0,0.0,,,,,,,,,,False,,1
2026-W02-NYG@CHI,SRC0027,2026,2,2026-09-20,NYG,CHI,0.6705069124423965,0.32949308755760354,VEGAS_PRESEASON,0.6705069124423965,2026-08-20T12:00:00Z,0.6705069124423965,1.43,2.91,2026-08-20T12:00:00Z,0,1,False,0.0,0.0,,,,,,,,,,False,,1
2026-W02-TB@MIN,SRC0016,2026,2,2026-09-20,TB,MIN,0.6548463356973996,0.3451536643026004,VEGAS_PRESEASON,0.6548463356973996,2026-08-20T12:00:00Z,0.6548463356973996,1.46,2.77,2026-08-20T12:00:00Z,0,1,False,0.0,0.0,,,,,,,,,,False,,1
2026-W02-TEN@DET,SRC0031,2026,2,2026-09-20,TEN,DET,0.20134228187919462,0.7986577181208054,VEGAS_PRESEASON,0.20134228187919462,2026-08-20T12:00:00Z,0.20134228187919462,4.76,1.2,2026-08-20T12:00:00Z,0,1,False,0.0,0.0,,,,,,,,,,False,,1
2026-W03-ARI@NE,SRC0044,2026,3,2026-09-27,ARI,NE,0.27010309278350514,0.7298969072164949,VEGAS_PRESEASON,0.27010309278350514,2026-08-20T12:00:00Z,0.27010309278350514,3.54,1.31,2026-08-20T12:00:00Z,0,1,False,0.0,0.0,,,,,,,,,,False,,1
2026-W03-BAL@BUF,SRC0033,2026,3,2026-09-27,BAL,BUF,0.5503875968992248,0.4496124031007752,VEGAS_PRESEASON,0.5503875968992248,2026-08-20T12:00:00Z,0.5503875968992248,1.74,2.13,2026-08-20T12:00:00Z,0,1,False,0.0,0.0,,,,,,,,,,False,,1
2026-W03-CHI@ATL,SRC0038,2026,3,2026-09-27,CHI,ATL,0.2744282744282744,0.7255717255717256,VEGAS_PRESEASON,0.2744282744282744,2026-08-20T12:00:00Z,0.2744282744282744,3.49,1.32,2026-08-20T12:00:00Z,0,1,False,0.0,0.0,,,,,,,,,,False,,1
2026-W03-CIN@TEN,SRC0036,2026,3,2026-09-27,CIN,TEN,0.8631319358816276,0.13686806411837238,VEGAS_PRESEASON,0.8631319358816276,2026-08-20T12:00:00Z,0.8631319358816276,1.11,7.0,2026-08-20T12:00:00Z,0,1,False,0.0,0.0,,,,,,,,,,False,,1
2026-W03-CLE@IND,SRC0032,2026,3,2026-09-27,CLE,IND,0.7455268389662029,0.25447316103379714,VEGAS_PRESEASON,0.7455268389662029,2026-08-20T12:00:00Z,0.7455268389662029,1.28,3.75,2026-08-20T12:00:00Z,0,1,False,0.0,0.0,,,,,,,,,,False,,1
2026-W03-DAL@KC,SRC0047,2026,3,2026-09-27,DAL,KC,0.665893271461717,0.33410672853828305,VEGAS_PRESEASON,0.665893271461717,2026-08-20T12:00:00Z,0.665893271461717,1.44,2.87,2026-08-20T12:00:00Z,0,1,False,0.0,0.0,,,,,,,,,,False,,1
2026-W03-DEN@NYG,SRC0046,2026,3,2026-09-27,DEN,NYG,0.6853932584269663,0.3146067415730337,VEGAS_PRESEASON,0.6853932584269663,2026-08-20T12:00:00Z,0.6853932584269663,1.4,3.05,2026-08-20T12:00:00Z,0,1,False,0.0,0.0,,,,,,,,,,False,,1
2026-W03-GB@CAR,SRC0040,2026,3,2026-09-27,GB,CAR,0.5143603133159269,0.4856396866840731,VEGAS_PRESEASON,0.5143603133159269,2026-08-20T12:00:00Z,0.5143603133159269,1.86,1.97,2026-08-20T12:00:00Z,0,1,False,0.0,0.0,,,,,,,,,,False,,1
2026-W03-LAR@LAC,SRC0043,2026,3,2026-09-27,LAR,LAC,0.3673965936739659,0.6326034063260342,VEGAS_PRESEASON,0.3673965936739659,2026-08-20T12:00:00Z,0.3673965936739659,2.6,1.51,2026-08-20T12:00:00Z,0,1,False,0.0,0.0,,,,,,,,,,False,,1
2026-W03-MIA@DET,SRC0034,2026,3,2026-09-27,MIA,DET,0.4623376623376624,0.5376623376623376,VEGAS_PRESEASON,0.4623376623376624,2026-08-20T12:00:00Z,0.4623376623376624,2.07,1.78,2026-08-20T12:00:00Z,0,1,False,0.0,0.0,,,,,,,,,,False,,1
2026-W03-NO@NYJ,SRC0045,2026,3,2026-09-27,NO,NYJ,0.3204545454545455,0.6795454545454545,VEGAS_PRESEASON,0.3204545454545455,2026-08-20T12:00:00Z,0.3204545454545455,2.99,1.41,2026-08-20T12:00:00Z,0,1,False,0.0,0.0,,,,,,,,,,False,,1
2026-W03-PIT@PHI,SRC0037,2026,3,2026-09-27,PIT,PHI,0.6138613861386137,0.38613861386138626,VEGAS_PRESEASON,0.6138613861386137,2026-08-20T12:00:00Z,0.6138613861386137,1.56,2.48,2026-08-20T12:00:00Z,0,1,False,0.0,0.0,,,,,,,,,,False,,1
2026-W03-SEA@MIN,SRC0041,2026,3,2026-09-27,SEA,MIN,0.44329896907216493,0.5567010309278351,VEGAS_PRESEASON,0.44329896907216493,2026-08-20T12:00:00Z,0.44329896907216493,2.16,1.72,2026-08-20T12:00:00Z,0,1,False,0.0,0.0,,,,,,,,,,False,,1
2026-W03-SF@HOU,SRC0035,2026,3,2026-09-27,SF,HOU,0.7124463519313304,0.28755364806866957,VEGAS_PRESEASON,0.7124463519313304,2026-08-20T12:00:00Z,0.7124463519313304,1.34,3.32,2026-08-20T12:00:00Z,0,1,False,0.0,0.0,,,,,,,,,,False,,1
2026-W03-TB@LV,SRC0042,2026,3,2026-09-27,TB,LV,0.49347258485639683,0.5065274151436032,VEGAS_PRESEASON,0.49347258485639683,2026-08-20T12:00:00Z,0.49347258485639683,1.94,1.89,2026-08-20T12:00:00Z,0,1,False,0.0,0.0,,,,,,,,,,False,,1
2026-W03-WAS@JAX,SRC0039,2026,3,2026-09-27,WAS,JAX,0.19318181818181818,0.8068181818181819,VEGAS_PRESEASON,0.19318181818181818,2026-08-20T12:00:00Z,0.19318181818181818,4.97,1.19,2026-08-20T12:00:00Z,0,1,False,0.0,0.0,,,,,,,,,,False,,1
2026-W04-ARI@DET,SRC0057,2026,4,2026-10-04,ARI,DET,0.172106824925816,0.827893175074184,VEGAS_PRESEASON,0.172106824925816,2026-08-20T12:00:00Z,0.172106824925816,5.58,1.16,2026-08-20T12:00:00Z,0,1,False,0.0,0.0,,,,,,,,,,False,,1
2026-W04-ATL@NO,SRC0052,2026,4,2026-10-04,ATL,NO,0.7695167286245352,0.23048327137546476,VEGAS_PRESEASON,0.7695167286245352,2026-08-20T12:00:00Z,0.7695167286245352,1.24,4.14,2026-08-20T12:00:00Z,0,1,False,0.0,0.0,,,,,,,,,,False,,1
2026-W04-CHI@BAL,SRC0049,2026,4,2026-10-04,CHI,BAL,0.37837837837837845,0.6216216216216215,VEGAS_PRESEASON,0.37837837837837845,2026-08-20T12:00:00Z,0.37837837837837845,2.53,1.54,2026-08-20T12:00:00Z,0,1,False,0.0,0.0,,,,,,,,,,False,,1
2026-W04-CIN@IND,SRC0059,2026,4,2026-10-04,CIN,IND,0.8124006359300476,0.18759936406995237,VEGAS_PRESEASON,0.8124006359300476,2026-08-20T12:00:00Z,0.8124006359300476,1.18,5.11,2026-08-20T12:00:00Z,0,1,False,0.0,0.0,,,,,,,,,,False,,1
2026-W04-DAL@CAR,SRC0054,2026,4,2026-10-04,DAL,CAR,0.6292682926829268,0.37073170731707317,VEGAS_PRESEASON,0.6292682926829268,2026-08-20T12:00:00Z,0.6292682926829268,1.52,2.58,2026-08-20T12:00:00Z,0,1,False,0.0,0.0,,,,,,,,,,False,,1
2026-W04-GB@SEA,SRC0060,2026,4,2026-10-04,GB,SEA,0.5402597402597403,0.45974025974025967,VEGAS_PRESEASON,0.5402597402597403,2026-08-20T12:00:00Z,0.5402597402597403,1.77,2.08,2026-08-20T12:00:00Z,0,1,False,0.0,0.0,,,,,,,,,,False,,1
2026-W04-HOU@SF,SRC0062,2026,4,2026-10-04,HOU,SF,0.3984962406015038,0.6015037593984962,VEGAS_PRESEASON,0.3984962406015038,2026-08-20T12:00:00Z,0.3984962406015038,2.4,1.59,2026-08-20T12:00:00Z,0,1,False,0.0,0.0,,,,,,,,,,False,,1
2026-W04-KC@MIN,SRC0048,2026,4,2026-10-04,KC,MIN,0.4370179948586118,0.5629820051413882,VEGAS_PRESEASON,0.4370179948586118,2026-08-20T12:00:00Z,0.4370179948586118,2.19,1.7,2026-08-20T12:00:00Z,0,1,False,0.0,0.0,,,,,,,,,,False,,1
2026-W04-LAC@DEN,SRC0053,2026,4,2026-10-04,LAC,DEN,0.4908616187989557,0.5091383812010444,VEGAS_PRESEASON,0.4908616187989557,2026-08-20T12:00:00Z,0.4908616187989557,1.95,1.88,2026-08-20T12:00:00Z,0,1,False,0.0,0.0,,,,,,,,,,False,,1
2026-W04-MIA@PIT,SRC0051,2026,4,2026-10-04,MIA,PIT,0.6326034063260341,0.36739659367396593,VEGAS_PRESEASON,0.6326034063260341,2026-08-20T12:00:00Z,0.6326034063260341,1.51,2.6,2026-08-20T12:00:00Z,0,1,False,0.0,0.0,,,,,,,,,,False,,1
2026-W04-NE@JAX,SRC0058,2026,4,2026-10-04,NE,JAX,0.5989974937343359,0.40100250626566414,VEGAS_PRESEASON,0.5989974937343359,2026-08-20T12:00:00Z,0.5989974937343359,1.6,2.39,2026-08-20T12:00:00Z,0,1,False,0.0,0.0,,,,,,,,,,False,,1
2026-W04-NYG@BUF,SRC0063,2026,4,2026-10-04,NYG,BUF,0.4804177545691906,0.5195822454308094,VEGAS_PRESEASON,0.4804177545691906,2026-08-20T12:00:00Z,0.4804177545691906,1.99,1.84,2026-08-20T12:00:00Z,0,1,False,0.0,0.0,,,,,,,,,,False,,1
2026-W04-NYJ@TEN,SRC0050,2026,4,2026-10-04,NYJ,TEN,0.8298816568047338,0.1701183431952662,VEGAS_PRESEASON,0.8298816568047338,2026-08-20T12:00:00Z,0.8298816568047338,1.15,5.61,2026-08-20T12:00:00Z,0,1,False,0.0,0.0,,,,,,,,,,False,,1
2026-W04-PHI@CLE,SRC0055,2026,4,2026-10-04,PHI,CLE,0.4173027989821883,0.5826972010178118,VEGAS_PRESEASON,0.4173027989821883,2026-08-20T12:00:00Z,0.4173027989821883,2.29,1.64,2026-08-20T12:00:00Z,0,1,False,0.0,0.0,,,,,,,,,,False,,1
2026-W04-TB@LAR,SRC0056,2026,4,2026-10-04,TB,LAR,0.7552986512524085,0.24470134874759153,VEGAS_PRESEASON,0.7552986512524085,2026-08-20T12:00:00Z,0.7552986512524085,1.27,3.92,2026-08-20T12:00:00Z,0,1,False,0.0,0.0,,,,,,,,,,False,,1
2026-W04-WAS@LV,SRC0061,2026,4,2026-10-04,WAS,LV,0.1654676258992806,0.8345323741007193,VEGAS_PRESEASON,0.1654676258992806,2026-08-20T12:00:00Z,0.1654676258992806,5.8,1.15,2026-08-20T12:00:00Z,0,1,False,0.0,0.0,,,,,,,,,,False,,1
2026-W05-ATL@LAC,SRC0066,2026,5,2026-10-11,ATL,LAC,0.6604215456674473,0.33957845433255274,VEGAS_PRESEASON,0.6604215456674473,2026-08-20T12:00:00Z,0.6604215456674473,1.45,2.82,2026-08-20T12:00:00Z,0,1,False,0.0,0.0,,,,,,,,,,False,,1
2026-W05-CAR@HOU,SRC0075,2026,5,2026-10-11,CAR,HOU,0.5286458333333333,0.47135416666666674,VEGAS_PRESEASON,0.5286458333333333,2026-08-20T12:00:00Z,0.5286458333333333,1.81,2.03,2026-08-20T12:00:00Z,0,1,False,0.0,0.0,,,,,,,,,,False,,1
2026-W05-CHI@MIA,SRC0072,2026,5,2026-10-11,CHI,MIA,0.30734966592427615,0.6926503340757239,VEGAS_PRESEASON,0.30734966592427615,2026-08-20T12:00:00Z,0.30734966592427615,3.11,1.38,2026-08-20T12:00:00Z,0,1,False,0.0,0.0,,,,,,,,,,False,,1
2026-W05-CIN@LV,SRC0076,2026,5,2026-10-11,CIN,LV,0.6548463356973996,0.3451536643026004,VEGAS_PRESEASON,0.6548463356973996,2026-08-20T12:00:00Z,0.6548463356973996,1.46,2.77,2026-08-20T12:00:00Z,0,1,False,0.0,0.0,,,,,,,,,,False,,1
2026-W05-CLE@PIT,SRC0064,2026,5,2026-10-11,CLE,PIT,0.6409638554216868,0.35903614457831323,VEGAS_PRESEASON,0.6409638554216868,2026-08-20T12:00:00Z,0.6409638554216868,1.49,2.66,2026-08-20T12:00:00Z,0,1,False,0.0,0.0,,,,,,,,,,False,,1
2026-W05-DEN@TB,SRC0074,2026,5,2026-10-11,DEN,TB,0.6015037593984962,0.3984962406015038,VEGAS_PRESEASON,0.6015037593984962,2026-08-20T12:00:00Z,0.6015037593984962,1.59,2.4,2026-08-20T12:00:00Z,0,1,False,0.0,0.0,,,,,,,,,,False,,1
2026-W05-GB@NYJ,SRC0078,2026,5,2026-10-11,GB,NYJ,0.2761506276150628,0.7238493723849372,VEGAS_PRESEASON,0.2761506276150628,2026-08-20T12:00:00Z,0.2761506276150628,3.46,1.32,2026-08-20T12:00:00Z,0,1,False,0.0,0.0,,,,,,,,,,False,,1
2026-W05-IND@BAL,SRC0069,2026,5,2026-10-11,IND,BAL,0.46614583333333337,0.5338541666666666,VEGAS_PRESEASON,0.46614583333333337,2026-08-20T12:00:00Z,0.46614583333333337,2.05,1.79,2026-08-20T12:00:00Z,0,1,False,0.0,0.0,,,,,,,,,,False,,1
2026-W05-KC@BUF,SRC0073,2026,5,2026-10-11,KC,BUF,0.37317073170731707,0.6268292682926829,VEGAS_PRESEASON,0.37317073170731707,2026-08-20T12:00:00Z,0.37317073170731707,2.57,1.53,2026-08-20T12:00:00Z,0,1,False,0.0,0.0,,,,,,,,,,False,,1
2026-W05-LAR@NE,SRC0068,2026,5,2026-10-11,LAR,NE,0.3017621145374449,0.698237885462555,VEGAS_PRESEASON,0.3017621145374449,2026-08-20T12:00:00Z,0.3017621145374449,3.17,1.37,2026-08-20T12:00:00Z,0,1,False,0.0,0.0,,,,,,,,,,False,,1
2026-W05-MIN@DAL,SRC0067,2026,5,2026-10-11,MIN,DAL,0.5655526992287918,0.4344473007712082,VEGAS_PRESEASON,0.5655526992287918,2026-08-20T12:00:00Z,0.5655526992287918,1.69,2.2,2026-08-20T12:00:00Z,0,1,False,0.0,0.0,,,,,,,,,,False,,1
2026-W05-NO@SEA,SRC0077,2026,5,2026-10-11,NO,SEA,0.5979899497487436,0.40201005025125636,VEGAS_PRESEASON,0.5979899497487436,2026-08-20T12:00:00Z,0.5979899497487436,1.6,2.38,2026-08-20T12:00:00Z,0,1,False,0.0,0.0,,,,,,,,,,False,,1
2026-W05-NYG@ARI,SRC0071,2026,5,2026-10-11,NYG,ARI,0.7130620985010707,0.2869379014989293,VEGAS_PRESEASON,0.7130620985010707,2026-08-20T12:00:00Z,0.7130620985010707,1.34,3.33,2026-08-20T12:00:00Z,0,1,False,0.0,0.0,,,,,,,,,,False,,1
2026-W05-TEN@SF,SRC0065,2026,5,2026-10-11,TEN,SF,0.3010989010989011,0.6989010989010989,VEGAS_PRESEASON,0.3010989010989011,2026-08-20T12:00:00Z,0.3010989010989011,3.18,1.37,2026-08-20T12:00:00Z,0,1,False,0.0,0.0,,,,,,,,,,False,,1
2026-W05-WAS@PHI,SRC0070,2026,5,2026-10-11,WAS,PHI,0.268993839835729,0.731006160164271,VEGAS_PRESEASON,0.268993839835729,2026-08-20T12:00:00Z,0.268993839835729,3.56,1.31,2026-08-20T12:00:00Z,0,1,False,0.0,0.0,,,,,,,,,,False,,1
2026-W06-ARI@PIT,SRC0080,2026,6,2026-10-18,ARI,PIT,0.2962962962962963,0.7037037037037037,VEGAS_PRESEASON,0.2962962962962963,2026-08-20T12:00:00Z,0.2962962962962963,3.23,1.36,2026-08-20T12:00:00Z,0,1,False,0.0,0.0,,,,,,,,,,False,,1
2026-W06-ATL@MIN,SRC0091,2026,6,2026-10-18,ATL,MIN,0.7205882352941178,0.27941176470588225,VEGAS_PRESEASON,0.7205882352941178,2026-08-20T12:00:00Z,0.7205882352941178,1.33,3.43,2026-08-20T12:00:00Z,0,1,False,0.0,0.0,,,,,,,,,,False,,1
2026-W06-BAL@CLE,SRC0088,2026,6,2026-10-18,BAL,CLE,0.464935064935065,0.535064935064935,VEGAS_PRESEASON,0.464935064935065,2026-08-20T12:00:00Z,0.464935064935065,2.06,1.79,2026-08-20T12:00:00Z,0,1,False,0.0,0.0,,,,,,,,,,False,,1
2026-W06-CHI@TB,SRC0084,2026,6,2026-10-18,CHI,TB,0.35731414868105515,0.6426858513189448,VEGAS_PRESEASON,0.35731414868105515,2026-08-20T12:00:00Z,0.35731414868105515,2.68,1.49,2026-08-20T12:00:00Z,0,1,False,0.0,0.0,,,,,,,,,,False,,1
2026-W06-CIN@NYG,SRC0081,2026,6,2026-10-18,CIN,NYG,0.7755474452554744,0.22445255474452563,VEGAS_PRESEASON,0.7755474452554744,2026-08-20T12:00:00Z,0.7755474452554744,1.23,4.25,2026-08-20T12:00:00Z,0,1,False,0.0,0.0,,,,,,,,,,False,,1
2026-W06-DAL@BUF,SRC0092,2026,6,2026-10-18,DAL,BUF,0.46614583333333337,0.5338541666666666,VEGAS_PRESEASON,0.46614583333333337,2026-08-20T12:00:00Z,0.46614583333333337,2.05,1.79,2026-08-20T12:00:00Z,0,1,False,0.0,0.0,,,,,,,,,,False,,1
2026-W06-DET@WAS,SRC0087,2026,6,2026-10-18,DET,WAS,0.9279720279720279,0.07202797202797206,VEGAS_PRESEASON,0.9279720279720279,2026-08-20T12:00:00Z,0.9279720279720279,1.03,13.27,2026-08-20T12:00:00Z,0,1,False,0.0,0.0,,,,,,,,,,False,,1
2026-W06-GB@JAX,SRC0083,2026,6,2026-10-18,GB,JAX,0.3451536643026005,0.6548463356973995,VEGAS_PRESEASON,0.3451536643026005,2026-08-20T12:00:00Z,0.3451536643026005,2.77,1.46,2026-08-20T12:00:00Z,0,1,False,0.0,0.0,,,,,,,,,,False,,1
2026-W06-HOU@IND,SRC0079,2026,6,2026-10-18,HOU,IND,0.5666666666666667,0.43333333333333335,VEGAS_PRESEASON,0.5666666666666667,2026-08-20T12:00:00Z,0.5666666666666667,1.69,2.21,2026-08-20T12:00:00Z,0,1,False,0.0,0.0,,,,,,,,,,False,,1
2026-W06-KC@LAR,SRC0090,2026,6,2026-10-18,KC,LAR,0.5629820051413882,0.4370179948586118,VEGAS_PRESEASON,0.5629820051413882,2026-08-20T12:00:00Z,0.5629820051413882,1.7,2.19,2026-08-20T12:00:00Z,0,1,False,0.0,0.0,,,,,,,,,,False,,1
2026-W06-LV@SEA,SRC0085,2026,6,2026-10-18,LV,SEA,0.7895652173913044,0.21043478260869564,VEGAS_PRESEASON,0.7895652173913044,2026-08-20T12:00:00Z,0.7895652173913044,1.21,4.54,2026-08-20T12:00:00Z,0,1,False,0.0,0.0,,,,,,,,,,False,,1
2026-W06-MIA@LAC,SRC0086,2026,6,2026-10-18,MIA,LAC,0.65962441314554,0.34037558685446,VEGAS_PRESEASON,0.65962441314554,2026-08-20T12:00:00Z,0.65962441314554,1.45,2.81,2026-08-20T12:00:00Z,0,1,False,0.0,0.0,,,,,,,,,,False,,1
2026-W06-NE@DEN,SRC0089,2026,6,2026-10-18,NE,DEN,0.5692307692307692,0.4307692307692308,VEGAS_PRESEASON,0.5692307692307692,2026-08-20T12:00:00Z,0.5692307692307692,1.68,2.22,2026-08-20T12:00:00Z,0,1,False,0.0,0.0,,,,,,,,,,False,,1
2026-W06-SF@NYJ,SRC0082,2026,6,2026-10-18,SF,NYJ,0.5402597402597403,0.45974025974025967,VEGAS_PRESEASON,0.5402597402597403,2026-08-20T12:00:00Z,0.5402597402597403,1.77,2.08,2026-08-20T12:00:00Z,0,1,False,0.0,0.0,,,,,,,,,,False,,1
2026-W07-ARI@CAR,SRC0098,2026,7,2026-10-25,ARI,CAR,0.4739583333333334,0.5260416666666665,VEGAS_PRESEASON,0.4739583333333334,2026-08-20T12:00:00Z,0.4739583333333334,2.02,1.82,2026-08-20T12:00:00Z,0,1,False,0.0,0.0,,,,,,,,,,False,,1
2026-W07-ATL@CIN,SRC0094,2026,7,2026-10-25,ATL,CIN,0.4817708333333334,0.5182291666666665,VEGAS_PRESEASON,0.4817708333333334,2026-08-20T12:00:00Z,0.4817708333333334,1.99,1.85,2026-08-20T12:00:00Z,0,1,False,0.0,0.0,,,,,,,,,,False,,1
2026-W07-CLE@GB,SRC0105,2026,7,2026-10-25,CLE,GB,0.7993311036789297,0.20066889632107032,VEGAS_PRESEASON,0.7993311036789297,2026-08-20T12:00:00Z,0.7993311036789297,1.2,4.78,2026-08-20T12:00:00Z,0,1,False,0.0,0.0,,,,,,,,,,False,,1
2026-W07-DAL@PIT,SRC0095,2026,7,2026-10-25,DAL,PIT,0.45219638242894056,0.5478036175710594,VEGAS_PRESEASON,0.45219638242894056,2026-08-20T12:00:00Z,0.45219638242894056,2.12,1.75,2026-08-20T12:00:00Z,0,1,False,0.0,0.0,,,,,,,,,,False,,1
2026-W07-DEN@JAX,SRC0100,2026,7,2026-10-25,DEN,JAX,0.5883838383838383,0.41161616161616166,VEGAS_PRESEASON,0.5883838383838383,2026-08-20T12:00:00Z,0.5883838383838383,1.63,2.33,2026-08-20T12:00:00Z,0,1,False,0.0,0.0,,,,,,,,,,False,,1
2026-W07-DET@TEN,SRC0093,2026,7,2026-10-25,DET,TEN,0.8627935723114957,0.13720642768850433,VEGAS_PRESEASON,0.8627935723114957,2026-08-20T12:00:00Z,0.8627935723114957,1.11,6.98,2026-08-20T12:00:00Z,0,1,False,0.0,0.0,,,,,,,,,,False,,1
2026-W07-HOU@CHI,SRC0099,2026,7,2026-10-25,HOU,CHI,0.6508313539192399,0.34916864608076015,VEGAS_PRESEASON,0.6508313539192399,2026-08-20T12:00:00Z,0.6508313539192399,1.47,2.74,2026-08-20T12:00:00Z,0,1,False,0.0,0.0,,,,,,,,,,False,,1
2026-W07-KC@NYG,SRC0106,2026,7,2026-10-25,KC,NYG,0.4458762886597938,0.5541237113402062,VEGAS_PRESEASON,0.4458762886597938,2026-08-20T12:00:00Z,0.4458762886597938,2.15,1.73,2026-08-20T12:00:00Z,0,1,False,0.0,0.0,,,,,,,,,,False,,1
2026-W07-MIA@NO,SRC0103,2026,7,2026-10-25,MIA,NO,0.7604562737642586,0.23954372623574138,VEGAS_PRESEASON,0.7604562737642586,2026-08-20T12:00:00Z,0.7604562737642586,1.26,4.0,2026-08-20T12:00:00Z,0,1,False,0.0,0.0,,,,,,,,,,False,,1
2026-W07-MIN@LAC,SRC0101,2026,7,2026-10-25,MIN,LAC,0.5039164490861618,0.49608355091383816,VEGAS_PRESEASON,0.5039164490861618,2026-08-20T12:00:00Z,0.5039164490861618,1.9,1.93,2026-08-20T12:00:00Z,0,1,False,0.0,0.0,,,,,,,,,,False,,1
2026-W07-NE@LAR,SRC0104,2026,7,2026-10-25,NE,LAR,0.7955706984667803,0.2044293015332197,VEGAS_PRESEASON,0.7955706984667803,2026-08-20T12:00:00Z,0.7955706984667803,1.2,4.67,2026-08-20T12:00:00Z,0,1,False,0.0,0.0,,,,,,,,,,False,,1
2026-W07-NYJ@BAL,SRC0096,2026,7,2026-10-25,NYJ,BAL,0.6651162790697673,0.33488372093023266,VEGAS_PRESEASON,0.6651162790697673,2026-08-20T12:00:00Z,0.6651162790697673,1.44,2.86,2026-08-20T12:00:00Z,0,1,False,0.0,0.0,,,,,,,,,,False,,1
2026-W07-SEA@SF,SRC0097,2026,7,2026-10-25,SEA,SF,0.3356643356643357,0.6643356643356644,VEGAS_PRESEASON,0.3356643356643357,2026-08-20T12:00:00Z,0.3356643356643357,2.85,1.44,2026-08-20T12:00:00Z,0,1,False,0.0,0.0,,,,,,,,,,False,,1
2026-W07-WAS@PHI,SRC0102,2026,7,2026-10-25,WAS,PHI,0.25447316103379725,0.7455268389662028,VEGAS_PRESEASON,0.25447316103379725,2026-08-20T12:00:00Z,0.25447316103379725,3.75,1.28,2026-08-20T12:00:00Z,0,1,False,0.0,0.0,,,,,,,,,,False,,1
2026-W08-ATL@PHI,SRC0110,2026,8,2026-11-01,ATL,PHI,0.700218818380744,0.29978118161925604,VEGAS_PRESEASON,0.700218818380744,2026-08-20T12:00:00Z,0.700218818380744,1.37,3.2,2026-08-20T12:00:00Z,0,1,False,0.0,0.0,,,,,,,,,,False,,1
2026-W08-BAL@NE,SRC0119,2026,8,2026-11-01,BAL,NE,0.4908616187989557,0.5091383812010444,VEGAS_PRESEASON,0.4908616187989557,2026-08-20T12:00:00Z,0.4908616187989557,1.95,1.88,2026-08-20T12:00:00Z,0,1,False,0.0,0.0,,,,,,,,,,False,,1
2026-W08-BUF@CLE,SRC0111,2026,8,2026-11-01,BUF,CLE,0.4559585492227979,0.5440414507772021,VEGAS_PRESEASON,0.4559585492227979,2026-08-20T12:00:00Z,0.4559585492227979,2.1,1.76,2026-08-20T12:00:00Z,0,1,False,0.0,0.0,,,,,,,,,,False,,1
2026-W08-CAR@DEN,SRC0115,2026,8,2026-11-01,CAR,DEN,0.3614457831325302,0.6385542168674698,VEGAS_PRESEASON,0.3614457831325302,2026-08-20T12:00:00Z,0.3614457831325302,2.65,1.5,2026-08-20T12:00:00Z,0,1,False,0.0,0.0,,,,,,,,,,False,,1
2026-W08-CHI@NO,SRC0116,2026,8,2026-11-01,CHI,NO,0.5248041775456919,0.47519582245430814,VEGAS_PRESEASON,0.5248041775456919,2026-08-20T12:00:00Z,0.5248041775456919,1.82,2.01,2026-08-20T12:00:00Z,0,1,False,0.0,0.0,,,,,,,,,,False,,1
2026-W08-CIN@JAX,SRC0112,2026,8,2026-11-01,CIN,JAX,0.698901098901099,0.30109890109890103,VEGAS_PRESEASON,0.698901098901099,2026-08-20T12:00:00Z,0.698901098901099,1.37,3.18,2026-08-20T12:00:00Z,0,1,False,0.0,0.0,,,,,,,,,,False,,1
2026-W08-DET@KC,SRC0114,2026,8,2026-11-01,DET,KC,0.8516556291390729,0.1483443708609271,VEGAS_PRESEASON,0.8516556291390729,2026-08-20T12:00:00Z,0.8516556291390729,1.12,6.43,2026-08-20T12:00:00Z,0,1,False,0.0,0.0,,,,,,,,,,False,,1
2026-W08-GB@TEN,SRC0120,2026,8,2026-11-01,GB,TEN,0.5848101265822784,0.4151898734177216,VEGAS_PRESEASON,0.5848101265822784,2026-08-20T12:00:00Z,0.5848101265822784,1.64,2.31,2026-08-20T12:00:00Z,0,1,False,0.0,0.0,,,,,,,,,,False,,1
2026-W08-LAC@ARI,SRC0109,2026,8,2026-11-01,LAC,ARI,0.7902946273830157,0.2097053726169843,VEGAS_PRESEASON,0.7902946273830157,2026-08-20T12:00:00Z,0.7902946273830157,1.21,4.56,2026-08-20T12:00:00Z,0,1,False,0.0,0.0,,,,,,,,,,False,,1
2026-W08-LV@TB,SRC0113,2026,8,2026-11-01,LV,TB,0.6216216216216216,0.3783783783783784,VEGAS_PRESEASON,0.6216216216216216,2026-08-20T12:00:00Z,0.6216216216216216,1.54,2.53,2026-08-20T12:00:00Z,0,1,False,0.0,0.0,,,,,,,,,,False,,1
2026-W08-NYJ@MIN,SRC0118,2026,8,2026-11-01,NYJ,MIN,0.7124463519313304,0.28755364806866957,VEGAS_PRESEASON,0.7124463519313304,2026-08-20T12:00:00Z,0.7124463519313304,1.34,3.32,2026-08-20T12:00:00Z,0,1,False,0.0,0.0,,,,,,,,,,False,,1
2026-W08-SEA@IND,SRC0117,2026,8,2026-11-01,SEA,IND,0.5026178010471204,0.4973821989528796,VEGAS_PRESEASON,0.5026178010471204,2026-08-20T12:00:00Z,0.5026178010471204,1.9,1.92,2026-08-20T12:00:00Z,0,1,False,0.0,0.0,,,,,,,,,,False,,1
2026-W08-SF@PIT,SRC0107,2026,8,2026-11-01,SF,PIT,0.5944584382871536,0.4055415617128464,VEGAS_PRESEASON,0.5944584382871536,2026-08-20T12:00:00Z,0.5944584382871536,1.61,2.36,2026-08-20T12:00:00Z,0,1,False,0.0,0.0,,,,,,,,,,False,,1
2026-W08-WAS@DAL,SRC0108,2026,8,2026-11-01,WAS,DAL,0.2915766738660907,0.7084233261339092,VEGAS_PRESEASON,0.2915766738660907,2026-08-20T12:00:00Z,0.2915766738660907,3.28,1.35,2026-08-20T12:00:00Z,0,1,False,0.0,0.0,,,,,,,,,,False,,1
2026-W09-BUF@BAL,SRC0128,2026,9,2026-11-08,BUF,BAL,0.5604113110539846,0.43958868894601544,VEGAS_PRESEASON,0.5604113110539846,2026-08-20T12:00:00Z,0.5604113110539846,1.71,2.18,2026-08-20T12:00:00Z,0,1,False,0.0,0.0,,,,,,,,,,False,,1
2026-W09-CIN@LV,SRC0122,2026,9,2026-11-08,CIN,LV,0.65,0.35,VEGAS_PRESEASON,0.65,2026-08-20T12:00:00Z,0.65,1.47,2.73,2026-08-20T12:00:00Z,0,1,False,0.0,0.0,,,,,,,,,,False,,1
2026-W09-CLE@ATL,SRC0127,2026,9,2026-11-08,CLE,ATL,0.5414507772020726,0.4585492227979274,VEGAS_PRESEASON,0.5414507772020726,2026-08-20T12:00:00Z,0.5414507772020726,1.77,2.09,2026-08-20T12:00:00Z,0,1,False,0.0,0.0,,,,,,,,,,False,,1
2026-W09-DET@LAC,SRC0121,2026,9,2026-11-08,DET,LAC,0.7399193548387095,0.2600806451612905,VEGAS_PRESEASON,0.7399193548387095,2026-08-20T12:00:00Z,0.7399193548387095,1.29,3.67,2026-08-20T12:00:00Z,0,1,False,0.0,0.0,,,,,,,,,,False,,1
2026-W09-HOU@TEN,SRC0129,2026,9,2026-11-08,HOU,TEN,0.6548463356973996,0.3451536643026004,VEGAS_PRESEASON,0.6548463356973996,2026-08-20T12:00:00Z,0.6548463356973996,1.46,2.77,2026-08-20T12:00:00Z,0,1,False,0.0,0.0,,,,,,,,,,False,,1
2026-W09-IND@CHI,SRC0134,2026,9,2026-11-08,IND,CHI,0.6310679611650486,0.3689320388349514,VEGAS_PRESEASON,0.6310679611650486,2026-08-20T12:00:00Z,0.6310679611650486,1.52,2.6,2026-08-20T12:00:00Z,0,1,False,0.0,0.0,,,,,,,,,,False,,1
2026-W09-JAX@NYG,SRC0125,2026,9,2026-11-08,JAX,NYG,0.6627634660421545,0.3372365339578455,VEGAS_PRESEASON,0.6627634660421545,2026-08-20T12:00:00Z,0.6627634660421545,1.44,2.83,2026-08-20T12:00:00Z,0,1,False,0.0,0.0,,,,,,,,,,False,,1
2026-W09-KC@SEA,SRC0123,2026,9,2026-11-08,KC,SEA,0.5466321243523315,0.45336787564766845,VEGAS_PRESEASON,0.5466321243523315,2026-08-20T12:00:00Z,0.5466321243523315,1.75,2.11,2026-08-20T12:00:00Z,0,1,False,0.0,0.0,,,,,,,,,,False,,1
2026-W09-LAR@CAR,SRC0133,2026,9,2026-11-08,LAR,CAR,0.5195822454308094,0.48041775456919056,VEGAS_PRESEASON,0.5195822454308094,2026-08-20T12:00:00Z,0.5195822454308094,1.84,1.99,2026-08-20T12:00:00Z,0,1,False,0.0,0.0,,,,,,,,,,False,,1
2026-W09-MIA@NO,SRC0126,2026,9,2026-11-08,MIA,NO,0.7604562737642586,0.23954372623574138,VEGAS_PRESEASON,0.7604562737642586,2026-08-20T12:00:00Z,0.7604562737642586,1.26,4.0,2026-08-20T12:00:00Z,0,1,False,0.0,0.0,,,,,,,,,,False,,1
2026-W09-NE@DEN,SRC0132,2026,9,2026-11-08,NE,DEN,0.5692307692307692,0.4307692307692308,VEGAS_PRESEASON,0.5692307692307692,2026-08-20T12:00:00Z,0.5692307692307692,1.68,2.22,2026-08-20T12:00:00Z,0,1,False,0.0,0.0,,,,,,,,,,False,,1
2026-W09-PHI@MIN,SRC0130,2026,9,2026-11-08,PHI,MIN,0.5801526717557253,0.41984732824427473,VEGAS_PRESEASON,0.5801526717557253,2026-08-20T12:00:00Z,0.5801526717557253,1.65,2.28,2026-08-20T12:00:00Z,0,1,False,0.0,0.0,,,,,,,,,,False,,1
2026-W09-TB@GB,SRC0131,2026,9,2026-11-08,TB,GB,0.7519531249999999,0.2480468750000001,VEGAS_PRESEASON,0.7519531249999999,2026-08-20T12:00:00Z,0.7519531249999999,1.27,3.85,2026-08-20T12:00:00Z,0,1,False,0.0,0.0,,,,,,,,,,False,,1
2026-W09-WAS@SF,SRC0124,2026,9,2026-11-08,WAS,SF,0.18940609951845905,0.810593900481541,VEGAS_PRESEASON,0.18940609951845905,2026-08-20T12:00:00Z,0.18940609951845905,5.05,1.18,2026-08-20T12:00:00Z,0,1,False,0.0,0.0,,,,,,,,,,False,,1
2026-W10-BAL@LAC,SRC0142,2026,10,2026-11-15,BAL,LAC,0.5428571428571429,0.4571428571428571,VEGAS_PRESEASON,0.5428571428571429,2026-08-20T12:00:00Z,0.5428571428571429,1.76,2.09,2026-08-20T12:00:00Z,0,1,False,0.0,0.0,,,,,,,,,,False,,1
2026-W10-BUF@PHI,SRC0141,2026,10,2026-11-15,BUF,PHI,0.6129032258064515,0.3870967741935485,VEGAS_PRESEASON,0.6129032258064515,2026-08-20T12:00:00Z,0.6129032258064515,1.56,2.47,2026-08-20T12:00:00Z,0,1,False,0.0,0.0,,,,,,,,,,False,,1
2026-W10-CHI@TB,SRC0138,2026,10,2026-11-15,CHI,TB,0.35731414868105515,0.6426858513189448,VEGAS_PRESEASON,0.35731414868105515,2026-08-20T12:00:00Z,0.35731414868105515,2.68,1.49,2026-08-20T12:00:00Z,0,1,False,0.0,0.0,,,,,,,,,,False,,1
2026-W10-DAL@NYJ,SRC0145,2026,10,2026-11-15,DAL,NYJ,0.35731414868105515,0.6426858513189448,VEGAS_PRESEASON,0.35731414868105515,2026-08-20T12:00:00Z,0.35731414868105515,2.68,1.49,2026-08-20T12:00:00Z,0,1,False,0.0,0.0,,,,,,,,,,False,,1
2026-W10-DET@IND,SRC0136,2026,10,2026-11-15,DET,IND,0.8065040650406504,0.19349593495934958,VEGAS_PRESEASON,0.8065040650406504,2026-08-20T12:00:00Z,0.8065040650406504,1.19,4.96,2026-08-20T12:00:00Z,0,1,False,0.0,0.0,,,,,,,,,,False,,1
2026-W10-GB@TEN,SRC0146,2026,10,2026-11-15,GB,TEN,0.6059850374064838,0.3940149625935162,VEGAS_PRESEASON,0.6059850374064838,2026-08-20T12:00:00Z,0.6059850374064838,1.58,2.43,2026-08-20T12:00:00Z,0,1,False,0.0,0.0,,,,,,,,,,False,,1
2026-W10-HOU@NYG,SRC0140,2026,10,2026-11-15,HOU,NYG,0.5248041775456919,0.47519582245430814,VEGAS_PRESEASON,0.5248041775456919,2026-08-20T12:00:00Z,0.5248041775456919,1.82,2.01,2026-08-20T12:00:00Z,0,1,False,0.0,0.0,,,,,,,,,,False,,1
2026-W10-JAX@MIN,SRC0137,2026,10,2026-11-15,JAX,MIN,0.6643356643356644,0.3356643356643356,VEGAS_PRESEASON,0.6643356643356644,2026-08-20T12:00:00Z,0.6643356643356644,1.44,2.85,2026-08-20T12:00:00Z,0,1,False,0.0,0.0,,,,,,,,,,False,,1
2026-W10-LAR@CAR,SRC0148,2026,10,2026-11-15,LAR,CAR,0.5091383812010444,0.4908616187989556,VEGAS_PRESEASON,0.5091383812010444,2026-08-20T12:00:00Z,0.5091383812010444,1.88,1.95,2026-08-20T12:00:00Z,0,1,False,0.0,0.0,,,,,,,,,,False,,1
2026-W10-MIA@SF,SRC0144,2026,10,2026-11-15,MIA,SF,0.589873417721519,0.410126582278481,VEGAS_PRESEASON,0.589873417721519,2026-08-20T12:00:00Z,0.589873417721519,1.62,2.33,2026-08-20T12:00:00Z,0,1,False,0.0,0.0,,,,,,,,,,False,,1
2026-W10-NE@ARI,SRC0143,2026,10,2026-11-15,NE,ARI,0.8318713450292398,0.16812865497076024,VEGAS_PRESEASON,0.8318713450292398,2026-08-20T12:00:00Z,0.8318713450292398,1.15,5.69,2026-08-20T12:00:00Z,0,1,False,0.0,0.0,,,,,,,,,,False,,1
2026-W10-PIT@LV,SRC0147,2026,10,2026-11-15,PIT,LV,0.4908616187989557,0.5091383812010444,VEGAS_PRESEASON,0.4908616187989557,2026-08-20T12:00:00Z,0.4908616187989557,1.95,1.88,2026-08-20T12:00:00Z,0,1,False,0.0,0.0,,,,,,,,,,False,,1
2026-W10-SEA@NO,SRC0135,2026,10,2026-11-15,SEA,NO,0.5195822454308094,0.48041775456919056,VEGAS_PRESEASON,0.5195822454308094,2026-08-20T12:00:00Z,0.5195822454308094,1.84,1.99,2026-08-20T12:00:00Z,0,1,False,0.0,0.0,,,,,,,,,,False,,1
2026-W10-WAS@DEN,SRC0139,2026,10,2026-11-15,WAS,DEN,0.18819776714513559,0.8118022328548644,VEGAS_PRESEASON,0.18819776714513559,2026-08-20T12:00:00Z,0.18819776714513559,5.09,1.18,2026-08-20T12:00:00Z,0,1,False,0.0,0.0,,,,,,,,,,False,,1
2026-W11-ARI@BUF,SRC0152,2026,11,2026-11-22,ARI,BUF,0.3109619686800894,0.6890380313199106,VEGAS_PRESEASON,0.3109619686800894,2026-08-20T12:00:00Z,0.3109619686800894,3.08,1.39,2026-08-20T12:00:00Z,0,1,False,0.0,0.0,,,,,,,,,,False,,1
2026-W11-CIN@ATL,SRC0162,2026,11,2026-11-22,CIN,ATL,0.6310679611650486,0.3689320388349514,VEGAS_PRESEASON,0.6310679611650486,2026-08-20T12:00:00Z,0.6310679611650486,1.52,2.6,2026-08-20T12:00:00Z,0,1,False,0.0,0.0,,,,,,,,,,False,,1
2026-W11-CLE@MIA,SRC0161,2026,11,2026-11-22,CLE,MIA,0.5567010309278351,0.44329896907216493,VEGAS_PRESEASON,0.5567010309278351,2026-08-20T12:00:00Z,0.5567010309278351,1.72,2.16,2026-08-20T12:00:00Z,0,1,False,0.0,0.0,,,,,,,,,,False,,1
2026-W11-DEN@KC,SRC0150,2026,11,2026-11-22,DEN,KC,0.7783783783783784,0.22162162162162158,VEGAS_PRESEASON,0.7783783783783784,2026-08-20T12:00:00Z,0.7783783783783784,1.23,4.32,2026-08-20T12:00:00Z,0,1,False,0.0,0.0,,,,,,,,,,False,,1
2026-W11-DET@SEA,SRC0160,2026,11,2026-11-22,DET,SEA,0.8479138627187081,0.15208613728129194,VEGAS_PRESEASON,0.8479138627187081,2026-08-20T12:00:00Z,0.8479138627187081,1.13,6.3,2026-08-20T12:00:00Z,0,1,False,0.0,0.0,,,,,,,,,,False,,1
2026-W11-HOU@BAL,SRC0149,2026,11,2026-11-22,HOU,BAL,0.4623376623376624,0.5376623376623376,VEGAS_PRESEASON,0.4623376623376624,2026-08-20T12:00:00Z,0.4623376623376624,2.07,1.78,2026-08-20T12:00:00Z,0,1,False,0.0,0.0,,,,,,,,,,False,,1
2026-W11-LAR@LV,SRC0157,2026,11,2026-11-22,LAR,LV,0.2788259958071279,0.721174004192872,VEGAS_PRESEASON,0.2788259958071279,2026-08-20T12:00:00Z,0.2788259958071279,3.44,1.33,2026-08-20T12:00:00Z,0,1,False,0.0,0.0,,,,,,,,,,False,,1
2026-W11-NO@IND,SRC0159,2026,11,2026-11-22,NO,IND,0.5286458333333333,0.47135416666666674,VEGAS_PRESEASON,0.5286458333333333,2026-08-20T12:00:00Z,0.5286458333333333,1.81,2.03,2026-08-20T12:00:00Z,0,1,False,0.0,0.0,,,,,,,,,,False,,1
2026-W11-NYG@JAX,SRC0151,2026,11,2026-11-22,NYG,JAX,0.4533678756476684,0.5466321243523315,VEGAS_PRESEASON,0.4533678756476684,2026-08-20T12:00:00Z,0.4533678756476684,2.11,1.75,2026-08-20T12:00:00Z,0,1,False,0.0,0.0,,,,,,,,,,False,,1
2026-W11-NYJ@GB,SRC0154,2026,11,2026-11-22,NYJ,GB,0.8090614886731391,0.1909385113268609,VEGAS_PRESEASON,0.8090614886731391,2026-08-20T12:00:00Z,0.8090614886731391,1.18,5.0,2026-08-20T12:00:00Z,0,1,False,0.0,0.0,,,,,,,,,,False,,1
2026-W11-PHI@NE,SRC0155,2026,11,2026-11-22,PHI,NE,0.4470284237726098,0.5529715762273901,VEGAS_PRESEASON,0.4470284237726098,2026-08-20T12:00:00Z,0.4470284237726098,2.14,1.73,2026-08-20T12:00:00Z,0,1,False,0.0,0.0,,,,,,,,,,False,,1
2026-W11-PIT@TB,SRC0156,2026,11,2026-11-22,PIT,TB,0.5592783505154639,0.44072164948453607,VEGAS_PRESEASON,0.5592783505154639,2026-08-20T12:00:00Z,0.5592783505154639,1.71,2.17,2026-08-20T12:00:00Z,0,1,False,0.0,0.0,,,,,,,,,,False,,1
2026-W11-SF@DAL,SRC0153,2026,11,2026-11-22,SF,DAL,0.692650334075724,0.30734966592427604,VEGAS_PRESEASON,0.692650334075724,2026-08-20T12:00:00Z,0.692650334075724,1.38,3.11,2026-08-20T12:00:00Z,0,1,False,0.0,0.0,,,,,,,,,,False,,1
2026-W11-TEN@CAR,SRC0158,2026,11,2026-11-22,TEN,CAR,0.5169712793733681,0.48302872062663194,VEGAS_PRESEASON,0.5169712793733681,2026-08-20T12:00:00Z,0.5169712793733681,1.85,1.98,2026-08-20T12:00:00Z,0,1,False,0.0,0.0,,,,,,,,,,False,,1
2026-W12-ARI@CLE,SRC0168,2026,12,2026-11-29,ARI,CLE,0.23320895522388058,0.7667910447761195,VEGAS_PRESEASON,0.23320895522388058,2026-08-20T12:00:00Z,0.23320895522388058,4.11,1.25,2026-08-20T12:00:00Z,0,1,False,0.0,0.0,,,,,,,,,,False,,1
2026-W12-CHI@TEN,SRC0171,2026,12,2026-11-29,CHI,TEN,0.5919395465994962,0.4080604534005038,VEGAS_PRESEASON,0.5919395465994962,2026-08-20T12:00:00Z,0.5919395465994962,1.62,2.35,2026-08-20T12:00:00Z,0,1,False,0.0,0.0,,,,,,,,,,False,,1
2026-W12-DAL@NYJ,SRC0175,2026,12,2026-11-29,DAL,NYJ,0.37837837837837845,0.6216216216216215,VEGAS_PRESEASON,0.37837837837837845,2026-08-20T12:00:00Z,0.37837837837837845,2.53,1.54,2026-08-20T12:00:00Z,0,1,False,0.0,0.0,,,,,,,,,,False,,1
2026-W12-DEN@JAX,SRC0174,2026,12,2026-11-29,DEN,JAX,0.5826972010178116,0.41730279898218836,VEGAS_PRESEASON,0.5826972010178116,2026-08-20T12:00:00Z,0.5826972010178116,1.64,2.29,2026-08-20T12:00:00Z,0,1,False,0.0,0.0,,,,,,,,,,False,,1
2026-W12-DET@BUF,SRC0166,2026,12,2026-11-29,DET,BUF,0.7399193548387095,0.2600806451612905,VEGAS_PRESEASON,0.7399193548387095,2026-08-20T12:00:00Z,0.7399193548387095,1.29,3.67,2026-08-20T12:00:00Z,0,1,False,0.0,0.0,,,,,,,,,,False,,1
2026-W12-GB@MIN,SRC0165,2026,12,2026-11-29,GB,MIN,0.44072164948453607,0.5592783505154639,VEGAS_PRESEASON,0.44072164948453607,2026-08-20T12:00:00Z,0.44072164948453607,2.17,1.71,2026-08-20T12:00:00Z,0,1,False,0.0,0.0,,,,,,,,,,False,,1
2026-W12-HOU@CAR,SRC0177,2026,12,2026-11-29,HOU,CAR,0.6129032258064515,0.3870967741935485,VEGAS_PRESEASON,0.6129032258064515,2026-08-20T12:00:00Z,0.6129032258064515,1.56,2.47,2026-08-20T12:00:00Z,0,1,False,0.0,0.0,,,,,,,,,,False,,1
2026-W12-KC@ATL,SRC0173,2026,12,2026-11-29,KC,ATL,0.2755741127348643,0.7244258872651357,VEGAS_PRESEASON,0.2755741127348643,2026-08-20T12:00:00Z,0.2755741127348643,3.47,1.32,2026-08-20T12:00:00Z,0,1,False,0.0,0.0,,,,,,,,,,False,,1
2026-W12-LAC@NYG,SRC0170,2026,12,2026-11-29,LAC,NYG,0.6301703163017031,0.36982968369829694,VEGAS_PRESEASON,0.6301703163017031,2026-08-20T12:00:00Z,0.6301703163017031,1.52,2.59,2026-08-20T12:00:00Z,0,1,False,0.0,0.0,,,,,,,,,,False,,1
2026-W12-LV@PHI,SRC0169,2026,12,2026-11-29,LV,PHI,0.6946902654867257,0.30530973451327426,VEGAS_PRESEASON,0.6946902654867257,2026-08-20T12:00:00Z,0.6946902654867257,1.38,3.14,2026-08-20T12:00:00Z,0,1,False,0.0,0.0,,,,,,,,,,False,,1
2026-W12-NE@LAR,SRC0163,2026,12,2026-11-29,NE,LAR,0.7972972972972973,0.20270270270270274,VEGAS_PRESEASON,0.7972972972972973,2026-08-20T12:00:00Z,0.7972972972972973,1.2,4.72,2026-08-20T12:00:00Z,0,1,False,0.0,0.0,,,,,,,,,,False,,1
2026-W12-NO@IND,SRC0172,2026,12,2026-11-29,NO,IND,0.5402597402597403,0.45974025974025967,VEGAS_PRESEASON,0.5402597402597403,2026-08-20T12:00:00Z,0.5402597402597403,1.77,2.08,2026-08-20T12:00:00Z,0,1,False,0.0,0.0,,,,,,,,,,False,,1
2026-W12-PIT@CIN,SRC0167,2026,12,2026-11-29,PIT,CIN,0.3827160493827161,0.6172839506172839,VEGAS_PRESEASON,0.3827160493827161,2026-08-20T12:00:00Z,0.3827160493827161,2.5,1.55,2026-08-20T12:00:00Z,0,1,False,0.0,0.0,,,,,,,,,,False,,1
2026-W12-TB@SF,SRC0164,2026,12,2026-11-29,TB,SF,0.5260416666666667,0.47395833333333326,VEGAS_PRESEASON,0.5260416666666667,2026-08-20T12:00:00Z,0.5260416666666667,1.82,2.02,2026-08-20T12:00:00Z,0,1,False,0.0,0.0,,,,,,,,,,False,,1
2026-W12-WAS@MIA,SRC0176,2026,12,2026-11-29,WAS,MIA,0.1669085631349782,0.8330914368650217,VEGAS_PRESEASON,0.1669085631349782,2026-08-20T12:00:00Z,0.1669085631349782,5.74,1.15,2026-08-20T12:00:00Z,0,1,False,0.0,0.0,,,,,,,,,,False,,1
2026-W13-BAL@SEA,SRC0179,2026,13,2026-12-06,BAL,SEA,0.7188160676532769,0.2811839323467231,VEGAS_PRESEASON,0.7188160676532769,2026-08-20T12:00:00Z,0.7188160676532769,1.33,3.4,2026-08-20T12:00:00Z,0,1,False,0.0,0.0,,,,,,,,,,False,,1
2026-W13-BUF@HOU,SRC0189,2026,13,2026-12-06,BUF,HOU,0.65962441314554,0.34037558685446,VEGAS_PRESEASON,0.65962441314554,2026-08-20T12:00:00Z,0.65962441314554,1.45,2.81,2026-08-20T12:00:00Z,0,1,False,0.0,0.0,,,,,,,,,,False,,1
2026-W13-CAR@PHI,SRC0192,2026,13,2026-12-06,CAR,PHI,0.4597402597402597,0.5402597402597402,VEGAS_PRESEASON,0.4597402597402597,2026-08-20T12:00:00Z,0.4597402597402597,2.08,1.77,2026-08-20T12:00:00Z,0,1,False,0.0,0.0,,,,,,,,,,False,,1
2026-W13-CHI@KC,SRC0184,2026,13,2026-12-06,CHI,KC,0.5529715762273902,0.44702842377260976,VEGAS_PRESEASON,0.5529715762273902,2026-08-20T12:00:00Z,0.5529715762273902,1.73,2.14,2026-08-20T12:00:00Z,0,1,False,0.0,0.0,,,,,,,,,,False,,1
2026-W13-CIN@LAC,SRC0190,2026,13,2026-12-06,CIN,LAC,0.7255717255717256,0.27442827442827444,VEGAS_PRESEASON,0.7255717255717256,2026-08-20T12:00:00Z,0.7255717255717256,1.32,3.49,2026-08-20T12:00:00Z,0,1,False,0.0,0.0,,,,,,,,,,False,,1
2026-W13-CLE@WAS,SRC0186,2026,13,2026-12-06,CLE,WAS,0.893743793445879,0.10625620655412105,VEGAS_PRESEASON,0.893743793445879,2026-08-20T12:00:00Z,0.893743793445879,1.07,9.0,2026-08-20T12:00:00Z,0,1,False,0.0,0.0,,,,,,,,,,False,,1
2026-W13-DAL@LAR,SRC0185,2026,13,2026-12-06,DAL,LAR,0.665893271461717,0.33410672853828305,VEGAS_PRESEASON,0.665893271461717,2026-08-20T12:00:00Z,0.665893271461717,1.44,2.87,2026-08-20T12:00:00Z,0,1,False,0.0,0.0,,,,,,,,,,False,,1
2026-W13-DET@NYJ,SRC0181,2026,13,2026-12-06,DET,NYJ,0.6467780429594271,0.3532219570405729,VEGAS_PRESEASON,0.6467780429594271,2026-08-20T12:00:00Z,0.6467780429594271,1.48,2.71,2026-08-20T12:00:00Z,0,1,False,0.0,0.0,,,,,,,,,,False,,1
2026-W13-GB@DEN,SRC0188,2026,13,2026-12-06,GB,DEN,0.3146067415730337,0.6853932584269663,VEGAS_PRESEASON,0.3146067415730337,2026-08-20T12:00:00Z,0.3146067415730337,3.05,1.4,2026-08-20T12:00:00Z,0,1,False,0.0,0.0,,,,,,,,,,False,,1
2026-W13-IND@MIA,SRC0182,2026,13,2026-12-06,IND,MIA,0.358173076923077,0.641826923076923,VEGAS_PRESEASON,0.358173076923077,2026-08-20T12:00:00Z,0.358173076923077,2.67,1.49,2026-08-20T12:00:00Z,0,1,False,0.0,0.0,,,,,,,,,,False,,1
2026-W13-LV@ARI,SRC0183,2026,13,2026-12-06,LV,ARI,0.8392101551480958,0.16078984485190417,VEGAS_PRESEASON,0.8392101551480958,2026-08-20T12:00:00Z,0.8392101551480958,1.14,5.95,2026-08-20T12:00:00Z,0,1,False,0.0,0.0,,,,,,,,,,False,,1
2026-W13-MIN@ATL,SRC0187,2026,13,2026-12-06,MIN,ATL,0.3940149625935162,0.6059850374064838,VEGAS_PRESEASON,0.3940149625935162,2026-08-20T12:00:00Z,0.3940149625935162,2.43,1.58,2026-08-20T12:00:00Z,0,1,False,0.0,0.0,,,,,,,,,,False,,1
2026-W13-NO@TEN,SRC0178,2026,13,2026-12-06,NO,TEN,0.6564705882352941,0.34352941176470586,VEGAS_PRESEASON,0.6564705882352941,2026-08-20T12:00:00Z,0.6564705882352941,1.46,2.79,2026-08-20T12:00:00Z,0,1,False,0.0,0.0,,,,,,,,,,False,,1
2026-W13-NYG@TB,SRC0180,2026,13,2026-12-06,NYG,TB,0.4571428571428572,0.5428571428571428,VEGAS_PRESEASON,0.4571428571428572,2026-08-20T12:00:00Z,0.4571428571428572,2.09,1.76,2026-08-20T12:00:00Z,0,1,False,0.0,0.0,,,,,,,,,,False,,1
2026-W13-PIT@JAX,SRC0191,2026,13,2026-12-06,PIT,JAX,0.5567010309278351,0.44329896907216493,VEGAS_PRESEASON,0.5567010309278351,2026-08-20T12:00:00Z,0.5567010309278351,1.72,2.16,2026-08-20T12:00:00Z,0,1,False,0.0,0.0,,,,,,,,,,False,,1
2026-W14-ATL@KC,SRC0201,2026,14,2026-12-13,ATL,KC,0.8174726989079564,0.18252730109204363,VEGAS_PRESEASON,0.8174726989079564,2026-08-20T12:00:00Z,0.8174726989079564,1.17,5.24,2026-08-20T12:00:00Z,0,1,False,0.0,0.0,,,,,,,,,,False,,1
2026-W14-CAR@TEN,SRC0200,2026,14,2026-12-13,CAR,TEN,0.6326034063260341,0.36739659367396593,VEGAS_PRESEASON,0.6326034063260341,2026-08-20T12:00:00Z,0.6326034063260341,1.51,2.6,2026-08-20T12:00:00Z,0,1,False,0.0,0.0,,,,,,,,,,False,,1
2026-W14-CHI@CLE,SRC0206,2026,14,2026-12-13,CHI,CLE,0.2863247863247864,0.7136752136752136,VEGAS_PRESEASON,0.2863247863247864,2026-08-20T12:00:00Z,0.2863247863247864,3.34,1.34,2026-08-20T12:00:00Z,0,1,False,0.0,0.0,,,,,,,,,,False,,1
2026-W14-DAL@SEA,SRC0197,2026,14,2026-12-13,DAL,SEA,0.65,0.35,VEGAS_PRESEASON,0.65,2026-08-20T12:00:00Z,0.65,1.47,2.73,2026-08-20T12:00:00Z,0,1,False,0.0,0.0,,,,,,,,,,False,,1
2026-W14-HOU@SF,SRC0202,2026,14,2026-12-13,HOU,SF,0.3984962406015038,0.6015037593984962,VEGAS_PRESEASON,0.3984962406015038,2026-08-20T12:00:00Z,0.3984962406015038,2.4,1.59,2026-08-20T12:00:00Z,0,1,False,0.0,0.0,,,,,,,,,,False,,1
2026-W14-IND@NYG,SRC0198,2026,14,2026-12-13,IND,NYG,0.5478036175710594,0.45219638242894056,VEGAS_PRESEASON,0.5478036175710594,2026-08-20T12:00:00Z,0.5478036175710594,1.75,2.12,2026-08-20T12:00:00Z,0,1,False,0.0,0.0,,,,,,,,,,False,,1
2026-W14-JAX@BUF,SRC0193,2026,14,2026-12-13,JAX,BUF,0.6148148148148148,0.3851851851851852,VEGAS_PRESEASON,0.6148148148148148,2026-08-20T12:00:00Z,0.6148148148148148,1.56,2.49,2026-08-20T12:00:00Z,0,1,False,0.0,0.0,,,,,,,,,,False,,1
2026-W14-MIN@DET,SRC0194,2026,14,2026-12-13,MIN,DET,0.31746031746031744,0.6825396825396826,VEGAS_PRESEASON,0.31746031746031744,2026-08-20T12:00:00Z,0.31746031746031744,3.01,1.4,2026-08-20T12:00:00Z,0,1,False,0.0,0.0,,,,,,,,,,False,,1
2026-W14-NE@LV,SRC0195,2026,14,2026-12-13,NE,LV,0.5414507772020726,0.4585492227979274,VEGAS_PRESEASON,0.5414507772020726,2026-08-20T12:00:00Z,0.5414507772020726,1.77,2.09,2026-08-20T12:00:00Z,0,1,False,0.0,0.0,,,,,,,,,,False,,1
2026-W14-NO@LAC,SRC0204,2026,14,2026-12-13,NO,LAC,0.43444730077120824,0.5655526992287918,VEGAS_PRESEASON,0.43444730077120824,2026-08-20T12:00:00Z,0.43444730077120824,2.2,1.69,2026-08-20T12:00:00Z,0,1,False,0.0,0.0,,,,,,,,,,False,,1
2026-W14-NYJ@ARI,SRC0203,2026,14,2026-12-13,NYJ,ARI,0.8466757123473543,0.15332428765264572,VEGAS_PRESEASON,0.8466757123473543,2026-08-20T12:00:00Z,0.8466757123473543,1.13,6.24,2026-08-20T12:00:00Z,0,1,False,0.0,0.0,,,,,,,,,,False,,1
2026-W14-PHI@MIA,SRC0196,2026,14,2026-12-13,PHI,MIA,0.42239185750636127,0.5776081424936388,VEGAS_PRESEASON,0.42239185750636127,2026-08-20T12:00:00Z,0.42239185750636127,2.27,1.66,2026-08-20T12:00:00Z,0,1,False,0.0,0.0,,,,,,,,,,False,,1
2026-W14-PIT@CIN,SRC0207,2026,14,2026-12-13,PIT,CIN,0.3836633663366336,0.6163366336633664,VEGAS_PRESEASON,0.3836633663366336,2026-08-20T12:00:00Z,0.3836633663366336,2.49,1.55,2026-08-20T12:00:00Z,0,1,False,0.0,0.0,,,,,,,,,,False,,1
2026-W14-TB@LAR,SRC0199,2026,14,2026-12-13,TB,LAR,0.7572254335260116,0.24277456647398843,VEGAS_PRESEASON,0.7572254335260116,2026-08-20T12:00:00Z,0.7572254335260116,1.26,3.93,2026-08-20T12:00:00Z,0,1,False,0.0,0.0,,,,,,,,,,False,,1
2026-W14-WAS@BAL,SRC0205,2026,14,2026-12-13,WAS,BAL,0.2275229357798165,0.7724770642201835,VEGAS_PRESEASON,0.2275229357798165,2026-08-20T12:00:00Z,0.2275229357798165,4.21,1.24,2026-08-20T12:00:00Z,0,1,False,0.0,0.0,,,,,,,,,,False,,1
2026-W15-BAL@CLE,SRC0223,2026,15,2026-12-20,BAL,CLE,0.47519582245430814,0.5248041775456919,VEGAS_PRESEASON,0.47519582245430814,2026-08-20T12:00:00Z,0.47519582245430814,2.01,1.82,2026-08-20T12:00:00Z,0,1,False,0.0,0.0,,,,,,,,,,False,,1
2026-W15-BUF@LAR,SRC0209,2026,15,2026-12-20,BUF,LAR,0.7321063394683026,0.2678936605316974,VEGAS_PRESEASON,0.7321063394683026,2026-08-20T12:00:00Z,0.7321063394683026,1.31,3.58,2026-08-20T12:00:00Z,0,1,False,0.0,0.0,,,,,,,,,,False,,1
2026-W15-CAR@ARI,SRC0220,2026,15,2026-12-20,CAR,ARI,0.661214953271028,0.33878504672897203,VEGAS_PRESEASON,0.661214953271028,2026-08-20T12:00:00Z,0.661214953271028,1.45,2.83,2026-08-20T12:00:00Z,0,1,False,0.0,0.0,,,,,,,,,,False,,1
2026-W15-GB@TEN,SRC0219,2026,15,2026-12-20,GB,TEN,0.5909090909090909,0.40909090909090906,VEGAS_PRESEASON,0.5909090909090909,2026-08-20T12:00:00Z,0.5909090909090909,1.62,2.34,2026-08-20T12:00:00Z,0,1,False,0.0,0.0,,,,,,,,,,False,,1
2026-W15-HOU@TB,SRC0218,2026,15,2026-12-20,HOU,TB,0.42239185750636127,0.5776081424936388,VEGAS_PRESEASON,0.42239185750636127,2026-08-20T12:00:00Z,0.42239185750636127,2.27,1.66,2026-08-20T12:00:00Z,0,1,False,0.0,0.0,,,,,,,,,,False,,1
2026-W15-IND@CHI,SRC0217,2026,15,2026-12-20,IND,CHI,0.6385542168674698,0.3614457831325302,VEGAS_PRESEASON,0.6385542168674698,2026-08-20T12:00:00Z,0.6385542168674698,1.5,2.65,2026-08-20T12:00:00Z,0,1,False,0.0,0.0,,,,,,,,,,False,,1
2026-W15-JAX@KC,SRC0211,2026,15,2026-12-20,JAX,KC,0.7604562737642586,0.23954372623574138,VEGAS_PRESEASON,0.7604562737642586,2026-08-20T12:00:00Z,0.7604562737642586,1.26,4.0,2026-08-20T12:00:00Z,0,1,False,0.0,0.0,,,,,,,,,,False,,1
2026-W15-LAC@NYG,SRC0212,2026,15,2026-12-20,LAC,NYG,0.6376811594202898,0.3623188405797102,VEGAS_PRESEASON,0.6376811594202898,2026-08-20T12:00:00Z,0.6376811594202898,1.5,2.64,2026-08-20T12:00:00Z,0,1,False,0.0,0.0,,,,,,,,,,False,,1
2026-W15-LV@WAS,SRC0216,2026,15,2026-12-20,LV,WAS,0.8966183574879227,0.10338164251207727,VEGAS_PRESEASON,0.8966183574879227,2026-08-20T12:00:00Z,0.8966183574879227,1.07,9.28,2026-08-20T12:00:00Z,0,1,False,0.0,0.0,,,,,,,,,,False,,1
2026-W15-MIA@DEN,SRC0210,2026,15,2026-12-20,MIA,DEN,0.589873417721519,0.410126582278481,VEGAS_PRESEASON,0.589873417721519,2026-08-20T12:00:00Z,0.589873417721519,1.62,2.33,2026-08-20T12:00:00Z,0,1,False,0.0,0.0,,,,,,,,,,False,,1
2026-W15-MIN@SEA,SRC0222,2026,15,2026-12-20,MIN,SEA,0.6682134570765662,0.3317865429234338,VEGAS_PRESEASON,0.6682134570765662,2026-08-20T12:00:00Z,0.6682134570765662,1.43,2.88,2026-08-20T12:00:00Z,0,1,False,0.0,0.0,,,,,,,,,,False,,1
2026-W15-NE@CIN,SRC0208,2026,15,2026-12-20,NE,CIN,0.4370179948586118,0.5629820051413882,VEGAS_PRESEASON,0.4370179948586118,2026-08-20T12:00:00Z,0.4370179948586118,2.19,1.7,2026-08-20T12:00:00Z,0,1,False,0.0,0.0,,,,,,,,,,False,,1
2026-W15-NYJ@NO,SRC0221,2026,15,2026-12-20,NYJ,NO,0.7604562737642586,0.23954372623574138,VEGAS_PRESEASON,0.7604562737642586,2026-08-20T12:00:00Z,0.7604562737642586,1.26,4.0,2026-08-20T12:00:00Z,0,1,False,0.0,0.0,,,,,,,,,,False,,1
2026-W15-PHI@DAL,SRC0214,2026,15,2026-12-20,PHI,DAL,0.6148148148148148,0.3851851851851852,VEGAS_PRESEASON,0.6148148148148148,2026-08-20T12:00:00Z,0.6148148148148148,1.56,2.49,2026-08-20T12:00:00Z,0,1,False,0.0,0.0,,,,,,,,,,False,,1
2026-W15-PIT@ATL,SRC0213,2026,15,2026-12-20,PIT,ATL,0.4597402597402597,0.5402597402597402,VEGAS_PRESEASON,0.4597402597402597,2026-08-20T12:00:00Z,0.4597402597402597,2.08,1.77,2026-08-20T12:00:00Z,0,1,False,0.0,0.0,,,,,,,,,,False,,1
2026-W15-SF@DET,SRC0215,2026,15,2026-12-20,SF,DET,0.43814432989690716,0.5618556701030928,VEGAS_PRESEASON,0.43814432989690716,2026-08-20T12:00:00Z,0.43814432989690716,2.18,1.7,2026-08-20T12:00:00Z,0,1,False,0.0,0.0,,,,,,,,,,False,,1
2026-W16-ARI@PIT,SRC0227,2026,16,2026-12-27,ARI,PIT,0.30043859649122806,0.6995614035087719,VEGAS_PRESEASON,0.30043859649122806,2026-08-20T12:00:00Z,0.30043859649122806,3.19,1.37,2026-08-20T12:00:00Z,0,1,False,0.0,0.0,,,,,,,,,,False,,1
2026-W16-BUF@TB,SRC0239,2026,16,2026-12-27,BUF,TB,0.5169712793733681,0.48302872062663194,VEGAS_PRESEASON,0.5169712793733681,2026-08-20T12:00:00Z,0.5169712793733681,1.85,1.98,2026-08-20T12:00:00Z,0,1,False,0.0,0.0,,,,,,,,,,False,,1
2026-W16-CHI@BAL,SRC0224,2026,16,2026-12-27,CHI,BAL,0.36650485436893204,0.633495145631068,VEGAS_PRESEASON,0.36650485436893204,2026-08-20T12:00:00Z,0.36650485436893204,2.61,1.51,2026-08-20T12:00:00Z,0,1,False,0.0,0.0,,,,,,,,,,False,,1
2026-W16-CLE@JAX,SRC0231,2026,16,2026-12-27,CLE,JAX,0.6368038740920097,0.36319612590799033,VEGAS_PRESEASON,0.6368038740920097,2026-08-20T12:00:00Z,0.6368038740920097,1.5,2.63,2026-08-20T12:00:00Z,0,1,False,0.0,0.0,,,,,,,,,,False,,1
2026-W16-DAL@NYG,SRC0230,2026,16,2026-12-27,DAL,NYG,0.5529715762273902,0.44702842377260976,VEGAS_PRESEASON,0.5529715762273902,2026-08-20T12:00:00Z,0.5529715762273902,1.73,2.14,2026-08-20T12:00:00Z,0,1,False,0.0,0.0,,,,,,,,,,False,,1
2026-W16-DEN@SEA,SRC0238,2026,16,2026-12-27,DEN,SEA,0.7720588235294118,0.2279411764705882,VEGAS_PRESEASON,0.7720588235294118,2026-08-20T12:00:00Z,0.7720588235294118,1.24,4.2,2026-08-20T12:00:00Z,0,1,False,0.0,0.0,,,,,,,,,,False,,1
2026-W16-DET@LAC,SRC0228,2026,16,2026-12-27,DET,LAC,0.7425149700598803,0.2574850299401197,VEGAS_PRESEASON,0.7425149700598803,2026-08-20T12:00:00Z,0.7425149700598803,1.29,3.72,2026-08-20T12:00:00Z,0,1,False,0.0,0.0,,,,,,,,,,False,,1
2026-W16-IND@HOU,SRC0234,2026,16,2026-12-27,IND,HOU,0.5629820051413882,0.4370179948586118,VEGAS_PRESEASON,0.5629820051413882,2026-08-20T12:00:00Z,0.5629820051413882,1.7,2.19,2026-08-20T12:00:00Z,0,1,False,0.0,0.0,,,,,,,,,,False,,1
2026-W16-LV@TEN,SRC0225,2026,16,2026-12-27,LV,TEN,0.825563909774436,0.17443609022556394,VEGAS_PRESEASON,0.825563909774436,2026-08-20T12:00:00Z,0.825563909774436,1.16,5.49,2026-08-20T12:00:00Z,0,1,False,0.0,0.0,,,,,,,,,,False,,1
2026-W16-MIA@NE,SRC0232,2026,16,2026-12-27,MIA,NE,0.5826972010178116,0.41730279898218836,VEGAS_PRESEASON,0.5826972010178116,2026-08-20T12:00:00Z,0.5826972010178116,1.64,2.29,2026-08-20T12:00:00Z,0,1,False,0.0,0.0,,,,,,,,,,False,,1
2026-W16-MIN@LAR,SRC0233,2026,16,2026-12-27,MIN,LAR,0.6839729119638825,0.31602708803611745,VEGAS_PRESEASON,0.6839729119638825,2026-08-20T12:00:00Z,0.6839729119638825,1.4,3.03,2026-08-20T12:00:00Z,0,1,False,0.0,0.0,,,,,,,,,,False,,1
2026-W16-NO@CIN,SRC0237,2026,16,2026-12-27,NO,CIN,0.25196850393700787,0.7480314960629921,VEGAS_PRESEASON,0.25196850393700787,2026-08-20T12:00:00Z,0.25196850393700787,3.8,1.28,2026-08-20T12:00:00Z,0,1,False,0.0,0.0,,,,,,,,,,False,,1
2026-W16-NYJ@CAR,SRC0235,2026,16,2026-12-27,NYJ,CAR,0.7791741472172351,0.2208258527827649,VEGAS_PRESEASON,0.7791741472172351,2026-08-20T12:00:00Z,0.7791741472172351,1.23,4.34,2026-08-20T12:00:00Z,0,1,False,0.0,0.0,,,,,,,,,,False,,1
2026-W16-PHI@GB,SRC0226,2026,16,2026-12-27,PHI,GB,0.698901098901099,0.30109890109890103,VEGAS_PRESEASON,0.698901098901099,2026-08-20T12:00:00Z,0.698901098901099,1.37,3.18,2026-08-20T12:00:00Z,0,1,False,0.0,0.0,,,,,,,,,,False,,1
2026-W16-SF@KC,SRC0236,2026,16,2026-12-27,SF,KC,0.7848324514991181,0.21516754850088193,VEGAS_PRESEASON,0.7848324514991181,2026-08-20T12:00:00Z,0.7848324514991181,1.22,4.45,2026-08-20T12:00:00Z,0,1,False,0.0,0.0,,,,,,,,,,False,,1
2026-W16-WAS@ATL,SRC0229,2026,16,2026-12-27,WAS,ATL,0.15311653116531165,0.8468834688346883,VEGAS_PRESEASON,0.15311653116531165,2026-08-20T12:00:00Z,0.15311653116531165,6.25,1.13,2026-08-20T12:00:00Z,0,1,False,0.0,0.0,,,,,,,,,,False,,1
2026-W17-ATL@MIA,SRC0251,2026,17,2027-01-03,ATL,MIA,0.5909090909090909,0.40909090909090906,VEGAS_PRESEASON,0.5909090909090909,2026-08-20T12:00:00Z,0.5909090909090909,1.62,2.34,2026-08-20T12:00:00Z,0,1,False,0.0,0.0,,,,,,,,,,False,,1
2026-W17-CIN@HOU,SRC0247,2026,17,2027-01-03,CIN,HOU,0.8049180327868852,0.19508196721311477,VEGAS_PRESEASON,0.8049180327868852,2026-08-20T12:00:00Z,0.8049180327868852,1.19,4.91,2026-08-20T12:00:00Z,0,1,False,0.0,0.0,,,,,,,,,,False,,1
2026-W17-CLE@JAX,SRC0241,2026,17,2027-01-03,CLE,JAX,0.625,0.375,VEGAS_PRESEASON,0.625,2026-08-20T12:00:00Z,0.625,1.53,2.55,2026-08-20T12:00:00Z,0,1,False,0.0,0.0,,,,,,,,,,False,,1
2026-W17-DAL@ARI,SRC0246,2026,17,2027-01-03,DAL,ARI,0.7261410788381742,0.27385892116182575,VEGAS_PRESEASON,0.7261410788381742,2026-08-20T12:00:00Z,0.7261410788381742,1.32,3.5,2026-08-20T12:00:00Z,0,1,False,0.0,0.0,,,,,,,,,,False,,1
2026-W17-DEN@CHI,SRC0242,2026,17,2027-01-03,DEN,CHI,0.7667910447761195,0.23320895522388052,VEGAS_PRESEASON,0.7667910447761195,2026-08-20T12:00:00Z,0.7667910447761195,1.25,4.11,2026-08-20T12:00:00Z,0,1,False,0.0,0.0,,,,,,,,,,False,,1
2026-W17-DET@BAL,SRC0255,2026,17,2027-01-03,DET,BAL,0.7480314960629921,0.25196850393700787,VEGAS_PRESEASON,0.7480314960629921,2026-08-20T12:00:00Z,0.7480314960629921,1.28,3.8,2026-08-20T12:00:00Z,0,1,False,0.0,0.0,,,,,,,,,,False,,1
2026-W17-GB@CAR,SRC0248,2026,17,2027-01-03,GB,CAR,0.5169712793733681,0.48302872062663194,VEGAS_PRESEASON,0.5169712793733681,2026-08-20T12:00:00Z,0.5169712793733681,1.85,1.98,2026-08-20T12:00:00Z,0,1,False,0.0,0.0,,,,,,,,,,False,,1
2026-W17-KC@TB,SRC0245,2026,17,2027-01-03,KC,TB,0.34433962264150947,0.6556603773584906,VEGAS_PRESEASON,0.34433962264150947,2026-08-20T12:00:00Z,0.34433962264150947,2.78,1.46,2026-08-20T12:00:00Z,0,1,False,0.0,0.0,,,,,,,,,,False,,1
2026-W17-MIN@LAC,SRC0253,2026,17,2027-01-03,MIN,LAC,0.48825065274151447,0.5117493472584855,VEGAS_PRESEASON,0.48825065274151447,2026-08-20T12:00:00Z,0.48825065274151447,1.96,1.87,2026-08-20T12:00:00Z,0,1,False,0.0,0.0,,,,,,,,,,False,,1
2026-W17-NE@PIT,SRC0250,2026,17,2027-01-03,NE,PIT,0.6138613861386137,0.38613861386138626,VEGAS_PRESEASON,0.6138613861386137,2026-08-20T12:00:00Z,0.6138613861386137,1.56,2.48,2026-08-20T12:00:00Z,0,1,False,0.0,0.0,,,,,,,,,,False,,1
2026-W17-NYJ@BUF,SRC0244,2026,17,2027-01-03,NYJ,BUF,0.6564705882352941,0.34352941176470586,VEGAS_PRESEASON,0.6564705882352941,2026-08-20T12:00:00Z,0.6564705882352941,1.46,2.79,2026-08-20T12:00:00Z,0,1,False,0.0,0.0,,,,,,,,,,False,,1
2026-W17-PHI@LV,SRC0243,2026,17,2027-01-03,PHI,LV,0.41624365482233505,0.583756345177665,VEGAS_PRESEASON,0.41624365482233505,2026-08-20T12:00:00Z,0.41624365482233505,2.3,1.64,2026-08-20T12:00:00Z,0,1,False,0.0,0.0,,,,,,,,,,False,,1
2026-W17-SEA@NO,SRC0249,2026,17,2027-01-03,SEA,NO,0.5376623376623377,0.46233766233766227,VEGAS_PRESEASON,0.5376623376623377,2026-08-20T12:00:00Z,0.5376623376623377,1.78,2.07,2026-08-20T12:00:00Z,0,1,False,0.0,0.0,,,,,,,,,,False,,1
2026-W17-SF@NYG,SRC0240,2026,17,2027-01-03,SF,NYG,0.6919642857142858,0.3080357142857142,VEGAS_PRESEASON,0.6919642857142858,2026-08-20T12:00:00Z,0.6919642857142858,1.38,3.1,2026-08-20T12:00:00Z,0,1,False,0.0,0.0,,,,,,,,,,False,,1
2026-W17-TEN@LAR,SRC0254,2026,17,2027-01-03,TEN,LAR,0.5440414507772021,0.4559585492227979,VEGAS_PRESEASON,0.5440414507772021,2026-08-20T12:00:00Z,0.5440414507772021,1.76,2.1,2026-08-20T12:00:00Z,0,1,False,0.0,0.0,,,,,,,,,,False,,1
2026-W17-WAS@IND,SRC0252,2026,17,2027-01-03,WAS,IND,0.3123595505617977,0.6876404494382022,VEGAS_PRESEASON,0.3123595505617977,2026-08-20T12:00:00Z,0.3123595505617977,3.06,1.39,2026-08-20T12:00:00Z,0,1,False,0.0,0.0,,,,,,,,,,False,,1
2026-W18-ARI@GB,SRC0266,2026,18,2027-01-10,ARI,GB,0.5026178010471204,0.4973821989528796,VEGAS_PRESEASON,0.5026178010471204,2026-08-20T12:00:00Z,0.5026178010471204,1.9,1.92,2026-08-20T12:00:00Z,0,1,False,0.0,0.0,,,,,,,,,,False,,1
2026-W18-BAL@LV,SRC0263,2026,18,2027-01-10,BAL,LV,0.4444444444444444,0.5555555555555556,VEGAS_PRESEASON,0.4444444444444444,2026-08-20T12:00:00Z,0.4444444444444444,2.15,1.72,2026-08-20T12:00:00Z,0,1,False,0.0,0.0,,,,,,,,,,False,,1
2026-W18-BUF@MIN,SRC0269,2026,18,2027-01-10,BUF,MIN,0.6206896551724138,0.3793103448275862,VEGAS_PRESEASON,0.6206896551724138,2026-08-20T12:00:00Z,0.6206896551724138,1.54,2.52,2026-08-20T12:00:00Z,0,1,False,0.0,0.0,,,,,,,,,,False,,1
2026-W18-CHI@NYG,SRC0259,2026,18,2027-01-10,CHI,NYG,0.4444444444444444,0.5555555555555556,VEGAS_PRESEASON,0.4444444444444444,2026-08-20T12:00:00Z,0.4444444444444444,2.15,1.72,2026-08-20T12:00:00Z,0,1,False,0.0,0.0,,,,,,,,,,False,,1
2026-W18-CLE@CAR,SRC0262,2026,18,2027-01-10,CLE,CAR,0.7803571428571429,0.21964285714285714,VEGAS_PRESEASON,0.7803571428571429,2026-08-20T12:00:00Z,0.7803571428571429,1.23,4.37,2026-08-20T12:00:00Z,0,1,False,0.0,0.0,,,,,,,,,,False,,1
2026-W18-DEN@TB,SRC0257,2026,18,2027-01-10,DEN,TB,0.5944584382871536,0.4055415617128464,VEGAS_PRESEASON,0.5944584382871536,2026-08-20T12:00:00Z,0.5944584382871536,1.61,2.36,2026-08-20T12:00:00Z,0,1,False,0.0,0.0,,,,,,,,,,False,,1
2026-W18-HOU@DET,SRC0271,2026,18,2027-01-10,HOU,DET,0.268993839835729,0.731006160164271,VEGAS_PRESEASON,0.268993839835729,2026-08-20T12:00:00Z,0.268993839835729,3.56,1.31,2026-08-20T12:00:00Z,0,1,False,0.0,0.0,,,,,,,,,,False,,1
2026-W18-JAX@DAL,SRC0267,2026,18,2027-01-10,JAX,DAL,0.6750572082379863,0.3249427917620137,VEGAS_PRESEASON,0.6750572082379863,2026-08-20T12:00:00Z,0.6750572082379863,1.42,2.95,2026-08-20T12:00:00Z,0,1,False,0.0,0.0,,,,,,,,,,False,,1
2026-W18-LAR@KC,SRC0260,2026,18,2027-01-10,LAR,KC,0.5478036175710594,0.45219638242894056,VEGAS_PRESEASON,0.5478036175710594,2026-08-20T12:00:00Z,0.5478036175710594,1.75,2.12,2026-08-20T12:00:00Z,0,1,False,0.0,0.0,,,,,,,,,,False,,1
2026-W18-MIA@LAC,SRC0264,2026,18,2027-01-10,MIA,LAC,0.6467780429594271,0.3532219570405729,VEGAS_PRESEASON,0.6467780429594271,2026-08-20T12:00:00Z,0.6467780429594271,1.48,2.71,2026-08-20T12:00:00Z,0,1,False,0.0,0.0,,,,,,,,,,False,,1
2026-W18-NO@CIN,SRC0270,2026,18,2027-01-10,NO,CIN,0.24708171206225685,0.7529182879377432,VEGAS_PRESEASON,0.24708171206225685,2026-08-20T12:00:00Z,0.24708171206225685,3.87,1.27,2026-08-20T12:00:00Z,0,1,False,0.0,0.0,,,,,,,,,,False,,1
2026-W18-NYJ@NE,SRC0261,2026,18,2027-01-10,NYJ,NE,0.609452736318408,0.390547263681592,VEGAS_PRESEASON,0.609452736318408,2026-08-20T12:00:00Z,0.609452736318408,1.57,2.45,2026-08-20T12:00:00Z,0,1,False,0.0,0.0,,,,,,,,,,False,,1
2026-W18-PHI@ATL,SRC0256,2026,18,2027-01-10,PHI,ATL,0.4137055837563452,0.5862944162436547,VEGAS_PRESEASON,0.4137055837563452,2026-08-20T12:00:00Z,0.4137055837563452,2.31,1.63,2026-08-20T12:00:00Z,0,1,False,0.0,0.0,,,,,,,,,,False,,1
2026-W18-PIT@IND,SRC0258,2026,18,2027-01-10,PIT,IND,0.6802721088435374,0.3197278911564626,VEGAS_PRESEASON,0.6802721088435374,2026-08-20T12:00:00Z,0.6802721088435374,1.41,3.0,2026-08-20T12:00:00Z,0,1,False,0.0,0.0,,,,,,,,,,False,,1
2026-W18-SEA@WAS,SRC0265,2026,18,2027-01-10,SEA,WAS,0.7435387673956263,0.2564612326043737,VEGAS_PRESEASON,0.7435387673956263,2026-08-20T12:00:00Z,0.7435387673956263,1.29,3.74,2026-08-20T12:00:00Z,0,1,False,0.0,0.0,,,,,,,,,,False,,1
2026-W18-TEN@SF,SRC0268,2026,18,2027-01-10,TEN,SF,0.29437229437229434,0.7056277056277056,VEGAS_PRESEASON,0.29437229437229434,2026-08-20T12:00:00Z,0.29437229437229434,3.26,1.36,2026-08-20T12:00:00Z,0,1,False,0.0,0.0,,,,,,,,,,False,,1
