team,season,win_total,soh_wins
ARI,2012,7.0,5
ARI,2013,5.5,10
ARI,2014,7.5,11
ARI,2015,8.5,13
ARI,2016,10.0,7
ARI,2017,8.5,8
ARI,2018,6.0,3
ARI,2019,5.0,5
ARI,2020,7.5,8
ARI,2021,8.5,11
ARI,2022,8.5,4
ARI,2023,4.5,4
ARI,2024,7.0,8
ARI,2025,8.5,3
ATL,2012,9.0,13
ATL,2013,10.0,4
ATL,2014,8.5,6
ATL,2015,8.5,8
ATL,2016,7.0,11
ATL,2017,9.5,10
ATL,2018,9.5,7
ATL,2019,8.5,7
ATL,2020,7.5,4
ATL,2021,7.5,7
ATL,2022,4.5,7
ATL,2023,8.5,7
ATL,2024,9.5,8
ATL,2025,8.5,8
BAL,2012,10.0,10
BAL,2013,8.5,8
BAL,2014,8.5,10
BAL,2015,9.0,5
BAL,2016,8.5,8
BAL,2017,8.5,9
BAL,2018,8.5,10
BAL,2019,8.5,14
BAL,2020,11.5,11
BAL,2021,10.5,8
BAL,2022,10.5,10
BAL,2023,10.0,13
BAL,2024,10.5,12
BAL,2025,11.5,8
BUF,2012,8.0,6
BUF,2013,6.5,6
BUF,2014,6.5,9
BUF,2015,8.5,8
BUF,2016,8.0,7
BUF,2017,6.5,9
BUF,2018,5.5,6
BUF,2019,7.0,10
BUF,2020,9.0,13
BUF,2021,11.5,11
BUF,2022,12.0,13
BUF,2023,10.5,11
BUF,2024,10.0,13
BUF,2025,12.5,12
CAR,2012,7.5,7
CAR,2013,7.0,12
CAR,2014,8.0,7
CAR,2015,8.5,15
CAR,2016,10.5,6
CAR,2017,9.0,11
CAR,2018,8.5,7
CAR,2019,8.0,5
CAR,2020,5.5,5
CAR,2021,7.5,5
CAR,2022,6.5,7
CAR,2023,7.5,2
CAR,2024,5.5,5
CAR,2025,6.5,8
CHI,2012,9.5,10
CHI,2013,8.5,8
CHI,2014,8.5,5
CHI,2015,6.5,6
CHI,2016,7.5,3
CHI,2017,5.5,5
CHI,2018,7.5,12
CHI,2019,9.0,8
CHI,2020,8.0,8
CHI,2021,7.5,6
CHI,2022,5.5,3
CHI,2023,7.5,7
CHI,2024,8.5,5
CHI,2025,8.5,11
CIN,2012,8.0,10
CIN,2013,8.5,11
CIN,2014,9.0,10
CIN,2015,8.5,12
CIN,2016,9.5,6
CIN,2017,8.5,7
CIN,2018,7.0,6
CIN,2019,6.0,2
CIN,2020,5.5,4
CIN,2021,6.5,10
CIN,2022,9.5,12
CIN,2023,11.0,9
CIN,2024,10.5,9
CIN,2025,9.5,6
CLE,2012,5.5,5
CLE,2013,6.0,4
CLE,2014,6.5,7
CLE,2015,6.5,3
CLE,2016,4.5,1
CLE,2017,4.5,0
CLE,2018,6.0,7
CLE,2019,9.0,6
CLE,2020,8.5,11
CLE,2021,10.5,8
CLE,2022,8.0,7
CLE,2023,9.0,11
CLE,2024,8.5,3
CLE,2025,4.5,5
DAL,2012,8.5,8
DAL,2013,8.5,8
DAL,2014,8.0,12
DAL,2015,9.5,4
DAL,2016,8.5,13
DAL,2017,9.5,9
DAL,2018,8.5,10
DAL,2019,9.0,8
DAL,2020,10.0,6
DAL,2021,9.0,12
DAL,2022,10.0,12
DAL,2023,10.0,12
DAL,2024,10.0,7
DAL,2025,7.5,7
DEN,2012,8.5,13
DEN,2013,11.5,13
DEN,2014,11.5,12
DEN,2015,10.0,12
DEN,2016,9.5,9
DEN,2017,8.0,5
DEN,2018,7.0,6
DEN,2019,7.0,7
DEN,2020,7.5,5
DEN,2021,9.0,7
DEN,2022,10.0,5
DEN,2023,8.5,8
DEN,2024,5.5,10
DEN,2025,9.5,14
DET,2012,9.0,4
DET,2013,8.0,7
DET,2014,8.5,11
DET,2015,8.5,7
DET,2016,7.0,9
DET,2017,7.5,9
DET,2018,7.5,6
DET,2019,6.5,3
DET,2020,7.0,5
DET,2021,4.5,3
DET,2022,6.5,9
DET,2023,9.5,12
DET,2024,10.5,15
DET,2025,10.5,9
GB,2012,12.0,11
GB,2013,10.5,8
GB,2014,10.5,12
GB,2015,11.0,10
GB,2016,10.5,10
GB,2017,10.5,7
GB,2018,10.0,6
GB,2019,9.0,13
GB,2020,8.5,13
GB,2021,10.5,13
GB,2022,11.0,8
GB,2023,7.5,9
GB,2024,10.0,11
GB,2025,10.5,9
HOU,2012,10.0,12
HOU,2013,10.0,2
HOU,2014,7.5,9
HOU,2015,8.5,9
HOU,2016,8.5,9
HOU,2017,8.5,4
HOU,2018,8.5,11
HOU,2019,8.5,10
HOU,2020,7.5,4
HOU,2021,4.0,4
HOU,2022,4.5,3
HOU,2023,6.5,10
HOU,2024,9.5,10
HOU,2025,9.5,12
IND,2012,5.5,11
IND,2013,8.5,11
IND,2014,9.5,11
IND,2015,10.5,8
IND,2016,9.0,8
IND,2017,8.0,4
IND,2018,7.5,10
IND,2019,7.5,7
IND,2020,9.5,11
IND,2021,9.0,9
IND,2022,10.0,4
IND,2023,6.5,9
IND,2024,8.5,8
IND,2025,7.5,8
JAX,2012,5.5,2
JAX,2013,5.0,4
JAX,2014,5.0,3
JAX,2015,5.5,5
JAX,2016,7.5,3
JAX,2017,6.5,10
JAX,2018,9.0,5
JAX,2019,8.0,6
JAX,2020,4.5,1
JAX,2021,6.5,3
JAX,2022,6.5,9
JAX,2023,9.5,9
JAX,2024,8.5,4
JAX,2025,7.5,13
KC,2012,8.0,2
KC,2013,7.5,11
KC,2014,8.0,9
KC,2015,8.5,11
KC,2016,9.5,12
KC,2017,9.0,10
KC,2018,8.5,12
KC,2019,10.5,12
KC,2020,11.5,14
KC,2021,12.5,12
KC,2022,10.5,14
KC,2023,11.5,11
KC,2024,11.5,15
KC,2025,11.5,6
LV,2012,7.0,4
LV,2013,5.5,4
LV,2014,5.0,3
LV,2015,5.5,7
LV,2016,8.5,12
LV,2017,9.5,6
LV,2018,7.5,4
LV,2019,6.0,7
LV,2020,7.5,8
LV,2021,7.5,10
LV,2022,8.5,6
LV,2023,6.5,8
LV,2024,6.5,4
LV,2025,6.5,3
LAC,2012,9.0,7
LAC,2013,7.5,9
LAC,2014,8.0,9
LAC,2015,8.0,4
LAC,2016,7.0,5
LAC,2017,7.5,9
LAC,2018,9.5,12
LAC,2019,10.0,5
LAC,2020,8.0,7
LAC,2021,9.5,9
LAC,2022,10.5,10
LAC,2023,9.5,5
LAC,2024,9.0,11
LAC,2025,9.5,11
LAR,2012,6.0,7
LAR,2013,7.5,7
LAR,2014,7.0,6
LAR,2015,7.5,7
LAR,2016,7.5,4
LAR,2017,6.0,11
LAR,2018,10.0,13
LAR,2019,10.5,9
LAR,2020,8.5,10
LAR,2021,10.5,12
LAR,2022,10.5,5
LAR,2023,6.5,10
LAR,2024,8.5,10
LAR,2025,9.5,12
MIA,2012,7.0,7
MIA,2013,8.0,8
MIA,2014,8.0,8
MIA,2015,9.0,6
MIA,2016,7.0,10
MIA,2017,7.0,6
MIA,2018,6.5,7
MIA,2019,4.5,5
MIA,2020,6.0,10
MIA,2021,9.0,9
MIA,2022,9.0,9
MIA,2023,9.5,11
MIA,2024,10.0,8
MIA,2025,7.5,7
MIN,2012,6.0,10
MIN,2013,7.5,5
MIN,2014,6.0,7
MIN,2015,8.0,11
MIN,2016,8.5,8
MIN,2017,8.5,13
MIN,2018,10.0,8
MIN,2019,9.0,10
MIN,2020,9.0,7
MIN,2021,9.0,8
MIN,2022,9.5,13
MIN,2023,8.5,7
MIN,2024,6.5,14
MIN,2025,9.5,9
NE,2012,12.0,12
NE,2013,11.0,12
NE,2014,10.5,12
NE,2015,10.5,12
NE,2016,10.5,14
NE,2017,12.5,13
NE,2018,11.0,11
NE,2019,11.5,12
NE,2020,9.0,7
NE,2021,9.5,10
NE,2022,8.5,8
NE,2023,7.5,4
NE,2024,4.5,4
NE,2025,8.5,14
NO,2012,9.5,7
NO,2013,9.5,11
NO,2014,10.0,7
NO,2015,8.5,7
NO,2016,7.0,7
NO,2017,8.0,11
NO,2018,9.5,13
NO,2019,10.5,13
NO,2020,10.5,12
NO,2021,9.0,9
NO,2022,9.0,7
NO,2023,9.5,9
NO,2024,7.5,5
NO,2025,4.5,6
NYG,2012,9.0,9
NYG,2013,9.0,7
NYG,2014,8.0,6
NYG,2015,8.0,6
NYG,2016,8.5,11
NYG,2017,9.0,3
NYG,2018,7.0,5
NYG,2019,6.0,4
NYG,2020,6.5,6
NYG,2021,7.0,4
NYG,2022,7.0,9
NYG,2023,7.5,6
NYG,2024,6.5,3
NYG,2025,5.5,5
NYJ,2012,8.5,6
NYJ,2013,6.5,8
NYJ,2014,7.0,4
NYJ,2015,7.5,10
NYJ,2016,8.0,5
NYJ,2017,3.5,5
NYJ,2018,6.0,4
NYJ,2019,7.5,7
NYJ,2020,6.5,2
NYJ,2021,6.0,4
NYJ,2022,5.5,7
NYJ,2023,9.5,7
NYJ,2024,9.5,5
NYJ,2025,6.5,3
PHI,2012,10.0,4
PHI,2013,7.5,10
PHI,2014,9.0,10
PHI,2015,10.0,7
PHI,2016,6.5,7
PHI,2017,8.5,13
PHI,2018,10.5,9
PHI,2019,10.0,9
PHI,2020,9.5,4
PHI,2021,6.5,9
PHI,2022,10.0,14
PHI,2023,11.5,11
PHI,2024,10.5,14
PHI,2025,11.5,11
PIT,2012,10.0,8
PIT,2013,9.0,8
PIT,2014,8.5,11
PIT,2015,8.5,10
PIT,2016,10.5,11
PIT,2017,10.5,13
PIT,2018,10.5,9
PIT,2019,9.5,8
PIT,2020,9.5,12
PIT,2021,8.5,9
PIT,2022,7.5,9
PIT,2023,9.0,10
PIT,2024,8.0,10
PIT,2025,8.5,10
SF,2012,10.0,11
SF,2013,11.5,12
SF,2014,10.5,8
SF,2015,6.5,5
SF,2016,5.5,2
SF,2017,5.0,6
SF,2018,8.5,4
SF,2019,8.0,13
SF,2020,10.5,6
SF,2021,10.5,10
SF,2022,10.0,13
SF,2023,11.0,12
SF,2024,11.5,6
SF,2025,10.5,12
SEA,2012,7.5,11
SEA,2013,10.5,13
SEA,2014,11.0,12
SEA,2015,11.0,10
SEA,2016,10.5,10
SEA,2017,10.5,9
SEA,2018,7.5,10
SEA,2019,9.0,11
SEA,2020,9.5,12
SEA,2021,9.5,7
SEA,2022,5.5,9
SEA,2023,9.0,9
SEA,2024,7.5,10
SEA,2025,8.5,14
TB,2012,6.0,7
TB,2013,7.5,4
TB,2014,7.0,2
TB,2015,6.0,6
TB,2016,7.0,9
TB,2017,8.5,5
TB,2018,6.5,5
TB,2019,6.5,7
TB,2020,9.5,11
TB,2021,12.0,13
TB,2022,11.0,8
TB,2023,6.0,9
TB,2024,7.5,10
TB,2025,9.5,8
TEN,2012,7.0,6
TEN,2013,6.5,7
TEN,2014,7.0,2
TEN,2015,5.5,3
TEN,2016,6.0,9
TEN,2017,9.0,9
TEN,2018,8.0,9
TEN,2019,8.0,9
TEN,2020,8.5,11
TEN,2021,9.5,12
TEN,2022,9.0,7
TEN,2023,7.5,6
TEN,2024,6.5,3
TEN,2025,6.5,3
WAS,2012,6.5,10
WAS,2013,8.0,3
WAS,2014,7.5,4
WAS,2015,6.0,9
WAS,2016,7.5,8
WAS,2017,7.5,7
WAS,2018,7.0,7
WAS,2019,6.0,3
WAS,2020,5.0,7
WAS,2021,8.5,7
WAS,2022,8.5,8
WAS,2023,6.5,4
WAS,2024,6.5,12
WAS,2025,9.5,5
