snapshot_id,snapshot_ts,is_baseline,team,decimal_odds,raw_prob,fair_prob
0,2026-08-20T12:00:00Z,True,ARI,6.6,0.15151515151515152,0.11266250220795551
0,2026-08-20T12:00:00Z,True,ATL,505.0,0.0019801980198019802,0.0014724208209356562
0,2026-08-20T12:00:00Z,True,BAL,120.0,0.008333333333333333,0.006196437621437553
0,2026-08-20T12:00:00Z,True,BUF,115.0,0.008695652173913044,0.006465847952804403
0,2026-08-20T12:00:00Z,True,CAR,22.0,0.045454545454545456,0.033798750662386655
0,2026-08-20T12:00:00Z,True,CHI,14.6,0.0684931506849315,0.05092962428578811
0,2026-08-20T12:00:00Z,True,CIN,1050.0,0.0009523809523809524,0.0007081642995928632
0,2026-08-20T12:00:00Z,True,CLE,420.0,0.002380952380952381,0.0017704107489821582
0,2026-08-20T12:00:00Z,True,DAL,52.0,0.019230769230769232,0.014299471434086662
0,2026-08-20T12:00:00Z,True,DEN,270.0,0.003703703703703704,0.0027539722761944683
0,2026-08-20T12:00:00Z,True,DET,1235.0,0.0008097165991902834,0.0006020830077510173
0,2026-08-20T12:00:00Z,True,GB,15.9,0.06289308176100629,0.046765566954245684
0,2026-08-20T12:00:00Z,True,HOU,38.0,0.02631578947368421,0.019567697751908062
0,2026-08-20T12:00:00Z,True,IND,39.0,0.02564102564102564,0.019065961912115546
0,2026-08-20T12:00:00Z,True,JAX,245.0,0.004081632653061225,0.0030349898553979856
0,2026-08-20T12:00:00Z,True,KC,15.3,0.06535947712418301,0.04859951075637297
0,2026-08-20T12:00:00Z,True,LAC,140.0,0.007142857142857143,0.005311232246946474
0,2026-08-20T12:00:00Z,True,LAR,13.9,0.07194244604316546,0.053494425508813406
0,2026-08-20T12:00:00Z,True,LV,505.0,0.0019801980198019802,0.0014724208209356562
0,2026-08-20T12:00:00Z,True,MIA,410.0,0.0024390243902439024,0.0018135914989573325
0,2026-08-20T12:00:00Z,True,MIN,64.0,0.015625,0.011618320540195412
0,2026-08-20T12:00:00Z,True,NE,305.0,0.003278688524590164,0.002437942670729529
0,2026-08-20T12:00:00Z,True,NO,31.0,0.03225806451612903,0.023986210147500204
0,2026-08-20T12:00:00Z,True,NYG,55.0,0.01818181818181818,0.013519500264954661
0,2026-08-20T12:00:00Z,True,NYJ,500.0,0.002,0.0014871450291450128
0,2026-08-20T12:00:00Z,True,PHI,81.0,0.012345679012345678,0.009179907587314892
0,2026-08-20T12:00:00Z,True,PIT,150.0,0.006666666666666667,0.004957150097150043
0,2026-08-20T12:00:00Z,True,SEA,19.5,0.05128205128205128,0.03813192382423109
0,2026-08-20T12:00:00Z,True,SF,285.0,0.0035087719298245615,0.002609026366921075
0,2026-08-20T12:00:00Z,True,TB,180.0,0.005555555555555556,0.004130958414291702
0,2026-08-20T12:00:00Z,True,TEN,11.3,0.08849557522123894,0.06580287739579703
0,2026-08-20T12:00:00Z,True,WAS,1.9,0.5263157894736842,0.3913539550381612
