Week,Away Team,Away Odds,Home Team,Home Odds,Timestamp
7,Lions,12.6,Titans,1.04,2026-10-20 13:00:00
7,Falcons,1.72,Bengals,2.16,2026-10-20 13:00:00
7,Cowboys,2.52,Steelers,1.54,2026-10-20 13:00:00
7,Jets,2.89,Ravens,1.43,2026-10-20 13:00:00
7,Seahawks,1.5,49ers,2.65,2026-10-20 13:00:00
7,Cardinals,1.46,Panthers,2.78,2026-10-20 13:00:00
7,Texans,2.46,Bears,1.57,2026-10-20 13:00:00
7,Broncos,2.45,Jaguars,1.57,2026-10-20 13:00:00
7,Vikings,1.93,Chargers,1.9,2026-10-20 13:00:00
7,Commanders,1.13,Eagles,6.14,2026-10-20 13:00:00
7,Dolphins,3.98,Saints,1.26,2026-10-20 13:00:00
7,Patriots,4.42,Rams,1.22,2026-10-20 13:00:00
7,Browns,4.49,Packers,1.22,2026-10-20 13:00:00
7,Chiefs,2.17,Giants,1.71,2026-10-20 13:00:00
8,49ers,3.48,Steelers,1.32,2026-10-20 13:00:00
8,Commanders,1.31,Cowboys,3.56,2026-10-20 13:00:00
8,Chargers,6.11,Cardinals,1.13,2026-10-20 13:00:00
8,Falcons,2.13,Eagles,1.74,2026-10-20 13:00:00
8,Bills,1.77,Browns,2.08,2026-10-20 13:00:00
8,Bengals,4.14,Jaguars,1.24,2026-10-20 13:00:00
8,Raiders,2.25,Buccaneers,1.67,2026-10-20 13:00:00
8,Lions,3.45,Chiefs,1.32,2026-10-20 13:00:00
8,Panthers,1.57,Broncos,2.46,2026-10-20 13:00:00
8,Bears,1.89,Saints,1.94,2026-10-20 13:00:00
8,Seahawks,1.45,Colts,2.8,2026-10-20 13:00:00
8,Jets,3.15,Vikings,1.38,2026-10-20 13:00:00
8,Ravens,1.81,Patriots,2.03,2026-10-20 13:00:00
8,Packers,3.21,Titans,1.36,2026-10-20 13:00:00
