game_id,week,away_team,home_team,prev_home_prob,new_home_prob,delta_pp,prev_source,new_source
2026-W02-ARI@GB,2,ARI,GB,0.44961240310077516,0.44961240310077516,0.0,VEGAS_PRESEASON,VEGAS_FRESH
2026-W02-BAL@PIT,2,BAL,PIT,0.5629820051413882,0.5428571428571429,-2.012486228424526,VEGAS_PRESEASON,VEGAS_FRESH
2026-W02-BUF@DEN,2,BUF,DEN,0.5338541666666666,0.48825065274151447,-4.560351392515216,VEGAS_PRESEASON,VEGAS_FRESH
2026-W02-CAR@LAR,2,CAR,LAR,0.6326034063260341,0.6119402985074627,-2.066310781857139,VEGAS_PRESEASON,VEGAS_FRESH
2026-W02-CIN@DAL,2,CIN,DAL,0.7910189982728844,0.7931623931623931,0.2143394889508765,VEGAS_PRESEASON,VEGAS_FRESH
2026-W02-HOU@SF,2,HOU,SF,0.4101265822784811,0.3827160493827161,-2.7410532895765005,VEGAS_PRESEASON,VEGAS_FRESH
2026-W02-IND@LV,2,IND,LV,0.375,0.3317865429234339,-4.32134570765661,VEGAS_PRESEASON,VEGAS_FRESH
2026-W02-JAX@PHI,2,JAX,PHI,0.6743119266055045,0.624078624078624,-5.0233302526880514,VEGAS_PRESEASON,VEGAS_FRESH
2026-W02-KC@WAS,2,KC,WAS,0.7321063394683026,0.692650334075724,-3.9456005392578652,VEGAS_PRESEASON,VEGAS_FRESH
2026-W02-LAC@CLE,2,LAC,CLE,0.4245524296675191,0.4470284237726098,2.2475994105090713,VEGAS_PRESEASON,VEGAS_FRESH
2026-W02-MIA@ATL,2,MIA,ATL,0.5169712793733681,0.5364583333333334,1.9487053959965306,VEGAS_PRESEASON,VEGAS_FRESH
2026-W02-NE@SEA,2,NE,SEA,0.8242424242424243,0.7490196078431373,-7.522281639928707,VEGAS_PRESEASON,VEGAS_FRESH
2026-W02-NO@NYJ,2,NO,NYJ,0.3403755868544601,0.3605769230769231,2.020133622246295,VEGAS_PRESEASON,VEGAS_FRESH
2026-W02-NYG@CHI,2,NYG,CHI,0.6682134570765662,0.6743119266055045,0.6098469528938333,VEGAS_PRESEASON,VEGAS_FRESH
2026-W02-TB@MIN,2,TB,MIN,0.6548463356973996,0.6651162790697673,1.0269943372367751,VEGAS_PRESEASON,VEGAS_FRESH
2026-W02-TEN@DET,2,TEN,DET,0.20719178082191778,0.19093851132686082,-1.6253269495056955,VEGAS_PRESEASON,VEGAS_FRESH
2026-W03-ARI@NE,3,ARI,NE,0.30734966592427615,0.258,-4.934966592427614,VEGAS_PRESEASON,VEGAS_FRESH
2026-W03-BAL@BUF,3,BAL,BUF,0.5221932114882506,0.5567010309278351,3.4507819439584475,VEGAS_PRESEASON,VEGAS_FRESH
2026-W03-CHI@ATL,3,CHI,ATL,0.26530612244897966,0.27999999999999997,1.4693877551020307,VEGAS_PRESEASON,VEGAS_FRESH
2026-W03-CIN@TEN,3,CIN,TEN,0.8485254691689008,0.8783482142857143,2.9822745116813487,VEGAS_PRESEASON,VEGAS_FRESH
2026-W03-CLE@IND,3,CLE,IND,0.7315573770491803,0.7519531249999999,2.0395747950819554,VEGAS_PRESEASON,VEGAS_FRESH
2026-W03-DAL@KC,3,DAL,KC,0.6839729119638825,0.665893271461717,-1.8079640502165595,VEGAS_PRESEASON,VEGAS_FRESH
2026-W03-DEN@NYG,3,DEN,NYG,0.6728110599078342,0.6846846846846846,1.1873624776850389,VEGAS_PRESEASON,VEGAS_FRESH
2026-W03-GB@CAR,3,GB,CAR,0.484375,0.5234374999999999,3.906249999999989,VEGAS_PRESEASON,VEGAS_FRESH
2026-W03-LAR@LAC,3,LAR,LAC,0.37745098039215685,0.354066985645933,-2.338399474622388,VEGAS_PRESEASON,VEGAS_FRESH
2026-W03-MIA@DET,3,MIA,DET,0.464935064935065,0.42602040816326525,-3.8914656771799727,VEGAS_PRESEASON,VEGAS_FRESH
2026-W03-NO@NYJ,3,NO,NYJ,0.2915766738660907,0.3698296836982968,7.825300983220607,VEGAS_PRESEASON,VEGAS_FRESH
2026-W03-PIT@PHI,3,PIT,PHI,0.5873417721518986,0.6015037593984962,1.4161987246597563,VEGAS_PRESEASON,VEGAS_FRESH
2026-W03-SEA@MIN,3,SEA,MIN,0.4080604534005038,0.4675324675324676,5.947201413196379,VEGAS_PRESEASON,VEGAS_FRESH
2026-W03-SF@HOU,3,SF,HOU,0.698901098901099,0.7182203389830509,1.931924008195196,VEGAS_PRESEASON,VEGAS_FRESH
2026-W03-TB@LV,3,TB,LV,0.4960835509138382,0.4791666666666667,-1.6916884247171526,VEGAS_PRESEASON,VEGAS_FRESH
2026-W03-WAS@JAX,3,WAS,JAX,0.1678832116788321,0.23364485981308414,6.576164813425203,VEGAS_PRESEASON,VEGAS_FRESH
