game_id,source_game_id,season,week,game_date,away_team,home_team,home_win_prob,away_win_prob,prob_source,original_vegas_home_prob,original_vegas_ts,latest_vegas_home_prob,latest_home_odds,latest_away_odds,last_vegas_refresh_ts,refresh_count,last_refresh_version,anchor_rating_snapshot_id,adj_active,adj_logit,adj_home_prob_delta,line_age_weeks,age_weight,home_rating_move,away_rating_move,home_strength_shift,away_strength_shift,matchup_shift,rating_ref_snapshot_id,rating_now_snapshot_id,is_frozen,frozen_at_version,last_updated_version
2026-W01-ATL@HOU,SRC0000,2026,1,2026-09-13,ATL,HOU,0.7538759689922482,0.24612403100775182,VEGAS_PRESEASON,0.7538759689922482,2026-08-20T16:00:00Z,0.7538759689922482,1.27,3.89,2026-08-20T16:00:00Z,0,1,0,False,0.0,0.0,,,,,,,,,,True,2,1
2026-W01-BAL@CIN,SRC0005,2026,1,2026-09-13,BAL,CIN,0.3851851851851852,0.6148148148148148,VEGAS_PRESEASON,0.3851851851851852,2026-08-20T16:00:00Z,0.3851851851851852,2.49,1.56,2026-08-20T16:00:00Z,0,1,0,False,0.0,0.0,,,,,,,,,,True,2,1
2026-W01-CHI@MIN,SRC0013,2026,1,2026-09-13,CHI,MIN,0.395,0.605,VEGAS_PRESEASON,0.395,2026-08-20T16:00:00Z,0.395,2.42,1.58,2026-08-20T16:00:00Z,0,1,0,False,0.0,0.0,,,,,,,,,,True,2,1
2026-W01-CLE@CAR,SRC0006,2026,1,2026-09-13,CLE,CAR,0.784452296819788,0.215547703180212,VEGAS_PRESEASON,0.784452296819788,2026-08-20T16:00:00Z,0.784452296819788,1.22,4.44,2026-08-20T16:00:00Z,0,1,0,False,0.0,0.0,,,,,,,,,,True,2,1
2026-W01-DAL@PIT,SRC0010,2026,1,2026-09-13,DAL,PIT,0.5065274151436031,0.4934725848563969,VEGAS_PRESEASON,0.5065274151436031,2026-08-20T16:00:00Z,0.5065274151436031,1.89,1.94,2026-08-20T16:00:00Z,0,1,0,False,0.0,0.0,,,,,,,,,,True,2,1
2026-W01-DEN@TB,SRC0012,2026,1,2026-09-13,DEN,TB,0.6015037593984962,0.3984962406015038,VEGAS_PRESEASON,0.6015037593984962,2026-08-20T16:00:00Z,0.6015037593984962,1.59,2.4,2026-08-20T16:00:00Z,0,1,0,False,0.0,0.0,,,,,,,,,,True,2,1
2026-W01-GB@KC,SRC0014,2026,1,2026-09-13,GB,KC,0.6025,0.39749999999999996,VEGAS_PRESEASON,0.6025,2026-08-20T16:00:00Z,0.6025,1.59,2.41,2026-08-20T16:00:00Z,0,1,0,False,0.0,0.0,,,,,,,,,,True,2,1
2026-W01-JAX@TEN,SRC0009,2026,1,2026-09-13,JAX,TEN,0.784070796460177,0.21592920353982303,VEGAS_PRESEASON,0.784070796460177,2026-08-20T16:00:00Z,0.784070796460177,1.22,4.43,2026-08-20T16:00:00Z,0,1,0,False,0.0,0.0,,,,,,,,,,True,2,1
2026-W01-LV@ARI,SRC0004,2026,1,2026-09-13,LV,ARI,0.8328488372093025,0.16715116279069753,VEGAS_PRESEASON,0.8328488372093025,2026-08-20T16:00:00Z,0.8328488372093025,1.15,5.73,2026-08-20T16:00:00Z,0,1,0,False,0.0,0.0,,,,,,,,,,True,2,1
2026-W01-MIA@DET,SRC0001,2026,1,2026-09-13,MIA,DET,0.4856396866840731,0.5143603133159269,VEGAS_PRESEASON,0.4856396866840731,2026-08-20T16:00:00Z,0.4856396866840731,1.97,1.86,2026-08-20T16:00:00Z,0,1,0,False,0.0,0.0,,,,,,,,,,True,2,1
2026-W01-NE@PHI,SRC0008,2026,1,2026-09-13,NE,PHI,0.6508313539192399,0.34916864608076015,VEGAS_PRESEASON,0.6508313539192399,2026-08-20T16:00:00Z,0.6508313539192399,1.47,2.74,2026-08-20T16:00:00Z,0,1,0,False,0.0,0.0,,,,,,,,,,True,2,1
2026-W01-NO@LAR,SRC0011,2026,1,2026-09-13,NO,LAR,0.6301703163017031,0.36982968369829694,VEGAS_PRESEASON,0.6301703163017031,2026-08-20T16:00:00Z,0.6301703163017031,1.52,2.59,2026-08-20T16:00:00Z,0,1,0,False,0.0,0.0,,,,,,,,,,True,2,1
2026-W01-NYG@LAC,SRC0003,2026,1,2026-09-13,NYG,LAC,0.5208333333333334,0.47916666666666663,VEGAS_PRESEASON,0.5208333333333334,2026-08-20T16:00:00Z,0.5208333333333334,1.84,2.0,2026-08-20T16:00:00Z,0,1,0,False,0.0,0.0,,,,,,,,,,True,2,1
2026-W01-NYJ@BUF,SRC0007,2026,1,2026-09-13,NYJ,BUF,0.5934343434343434,0.4065656565656566,VEGAS_PRESEASON,0.5934343434343434,2026-08-20T16:00:00Z,0.5934343434343434,1.61,2.35,2026-08-20T16:00:00Z,0,1,0,False,0.0,0.0,,,,,,,,,,True,2,1
2026-W01-SEA@IND,SRC0015,2026,1,2026-09-13,SEA,IND,0.5529715762273902,0.44702842377260976,VEGAS_PRESEASON,0.5529715762273902,2026-08-20T16:00:00Z,0.5529715762273902,1.73,2.14,2026-08-20T16:00:00Z,0,1,0,False,0.0,0.0,,,,,,,,,,True,2,1
2026-W01-SF@WAS,SRC0002,2026,1,2026-09-13,SF,WAS,0.8556701030927835,0.14432989690721654,VEGAS_PRESEASON,0.8556701030927835,2026-08-20T16:00:00Z,0.8556701030927835,1.12,6.64,2026-08-20T16:00:00Z,0,1,0,False,0.0,0.0,,,,,,,,,,True,2,1
2026-W02-ARI@GB,SRC0018,2026,2,2026-09-20,ARI,GB,0.44961240310077516,0.5503875968992249,VEGAS_FRESH,0.44961240310077516,2026-08-20T16:00:00Z,0.44961240310077516,2.13,1.74,2026-09-15T17:00:00Z,1,2,1,False,0.0,0.0,0.0,0.0,,,,,,,,True,3,2
2026-W02-BAL@PIT,SRC0019,2026,2,2026-09-20,BAL,PIT,0.5428571428571429,0.4571428571428571,VEGAS_FRESH,0.5629820051413882,2026-08-20T16:00:00Z,0.5428571428571429,1.76,2.09,2026-09-15T17:00:00Z,1,2,1,False,0.0,0.0,0.0,0.0,,,,,,,,True,3,2
2026-W02-BUF@DEN,SRC0025,2026,2,2026-09-20,BUF,DEN,0.48825065274151447,0.5117493472584855,VEGAS_FRESH,0.5338541666666666,2026-08-20T16:00:00Z,0.48825065274151447,1.96,1.87,2026-09-15T17:00:00Z,1,2,1,False,0.0,0.0,0.0,0.0,,,,,,,,True,3,2
2026-W02-CAR@LAR,SRC0029,2026,2,2026-09-20,CAR,LAR,0.6119402985074627,0.3880597014925373,VEGAS_FRESH,0.6326034063260341,2026-08-20T16:00:00Z,0.6119402985074627,1.56,2.46,2026-09-15T17:00:00Z,1,2,1,False,0.0,0.0,0.0,0.0,,,,,,,,True,3,2
2026-W02-CIN@DAL,SRC0017,2026,2,2026-09-20,CIN,DAL,0.7931623931623931,0.20683760683760688,VEGAS_FRESH,0.7910189982728844,2026-08-20T16:00:00Z,0.7931623931623931,1.21,4.64,2026-09-15T17:00:00Z,1,2,1,False,0.0,0.0,0.0,0.0,,,,,,,,True,3,2
2026-W02-HOU@SF,SRC0023,2026,2,2026-09-20,HOU,SF,0.3827160493827161,0.6172839506172839,VEGAS_FRESH,0.4101265822784811,2026-08-20T16:00:00Z,0.3827160493827161,2.5,1.55,2026-09-15T17:00:00Z,1,2,1,False,0.0,0.0,0.0,0.0,,,,,,,,True,3,2
2026-W02-IND@LV,SRC0021,2026,2,2026-09-20,IND,LV,0.3317865429234339,0.6682134570765661,VEGAS_FRESH,0.375,2026-08-20T16:00:00Z,0.3317865429234339,2.88,1.43,2026-09-15T17:00:00Z,1,2,1,False,0.0,0.0,0.0,0.0,,,,,,,,True,3,2
2026-W02-JAX@PHI,SRC0022,2026,2,2026-09-20,JAX,PHI,0.624078624078624,0.375921375921376,VEGAS_FRESH,0.6743119266055045,2026-08-20T16:00:00Z,0.624078624078624,1.53,2.54,2026-09-15T17:00:00Z,1,2,1,False,0.0,0.0,0.0,0.0,,,,,,,,True,3,2
2026-W02-KC@WAS,SRC0028,2026,2,2026-09-20,KC,WAS,0.692650334075724,0.30734966592427604,VEGAS_FRESH,0.7321063394683026,2026-08-20T16:00:00Z,0.692650334075724,1.38,3.11,2026-09-15T17:00:00Z,1,2,1,False,0.0,0.0,0.0,0.0,,,,,,,,True,3,2
2026-W02-LAC@CLE,SRC0026,2026,2,2026-09-20,LAC,CLE,0.4470284237726098,0.5529715762273901,VEGAS_FRESH,0.4245524296675191,2026-08-20T16:00:00Z,0.4470284237726098,2.14,1.73,2026-09-15T17:00:00Z,1,2,1,False,0.0,0.0,0.0,0.0,,,,,,,,True,3,2
2026-W02-MIA@ATL,SRC0024,2026,2,2026-09-20,MIA,ATL,0.5364583333333334,0.46354166666666663,VEGAS_FRESH,0.5169712793733681,2026-08-20T16:00:00Z,0.5364583333333334,1.78,2.06,2026-09-15T17:00:00Z,1,2,1,False,0.0,0.0,0.0,0.0,,,,,,,,True,3,2
2026-W02-NE@SEA,SRC0020,2026,2,2026-09-20,NE,SEA,0.7490196078431373,0.25098039215686274,VEGAS_FRESH,0.8242424242424243,2026-08-20T16:00:00Z,0.7490196078431373,1.28,3.82,2026-09-15T17:00:00Z,1,2,1,False,0.0,0.0,0.0,0.0,,,,,,,,True,3,2
2026-W02-NO@NYJ,SRC0030,2026,2,2026-09-20,NO,NYJ,0.3605769230769231,0.6394230769230769,VEGAS_FRESH,0.3403755868544601,2026-08-20T16:00:00Z,0.3605769230769231,2.66,1.5,2026-09-15T17:00:00Z,1,2,1,False,0.0,0.0,0.0,0.0,,,,,,,,True,3,2
2026-W02-NYG@CHI,SRC0027,2026,2,2026-09-20,NYG,CHI,0.6743119266055045,0.32568807339449546,VEGAS_FRESH,0.6682134570765662,2026-08-20T16:00:00Z,0.6743119266055045,1.42,2.94,2026-09-15T17:00:00Z,1,2,1,False,0.0,0.0,0.0,0.0,,,,,,,,True,3,2
2026-W02-TB@MIN,SRC0016,2026,2,2026-09-20,TB,MIN,0.6651162790697673,0.33488372093023266,VEGAS_FRESH,0.6548463356973996,2026-08-20T16:00:00Z,0.6651162790697673,1.44,2.86,2026-09-15T17:00:00Z,1,2,1,False,0.0,0.0,0.0,0.0,,,,,,,,True,3,2
2026-W02-TEN@DET,SRC0031,2026,2,2026-09-20,TEN,DET,0.19093851132686082,0.8090614886731392,VEGAS_FRESH,0.20719178082191778,2026-08-20T16:00:00Z,0.19093851132686082,5.0,1.18,2026-09-15T17:00:00Z,1,2,1,False,0.0,0.0,0.0,0.0,,,,,,,,True,3,2
2026-W03-ARI@NE,SRC0044,2026,3,2026-09-27,ARI,NE,0.17791411042944785,0.8220858895705522,VEGAS_FRESH,0.30734966592427615,2026-08-20T16:00:00Z,0.17791411042944785,5.36,1.16,2026-09-22T17:00:00Z,2,3,2,False,0.0,0.0,0.0,0.0,,,,,,,,True,4,3
2026-W03-BAL@BUF,SRC0033,2026,3,2026-09-27,BAL,BUF,0.5567010309278351,0.44329896907216493,VEGAS_FRESH,0.5221932114882506,2026-08-20T16:00:00Z,0.5567010309278351,1.72,2.16,2026-09-22T17:00:00Z,2,3,2,False,0.0,0.0,0.0,0.0,,,,,,,,True,4,3
2026-W03-CHI@ATL,SRC0038,2026,3,2026-09-27,CHI,ATL,0.2869379014989294,0.7130620985010706,VEGAS_FRESH,0.26530612244897966,2026-08-20T16:00:00Z,0.2869379014989294,3.33,1.34,2026-09-22T17:00:00Z,2,3,2,False,0.0,0.0,0.0,0.0,,,,,,,,True,4,3
2026-W03-CIN@TEN,SRC0036,2026,3,2026-09-27,CIN,TEN,0.9249271137026238,0.07507288629737618,VEGAS_FRESH,0.8485254691689008,2026-08-20T16:00:00Z,0.9249271137026238,1.03,12.69,2026-09-22T17:00:00Z,2,3,2,False,0.0,0.0,0.0,0.0,,,,,,,,True,4,3
2026-W03-CLE@IND,SRC0032,2026,3,2026-09-27,CLE,IND,0.6326034063260341,0.36739659367396593,VEGAS_FRESH,0.7315573770491803,2026-08-20T16:00:00Z,0.6326034063260341,1.51,2.6,2026-09-22T17:00:00Z,2,3,2,False,0.0,0.0,0.0,0.0,,,,,,,,True,4,3
2026-W03-DAL@KC,SRC0047,2026,3,2026-09-27,DAL,KC,0.5143603133159269,0.4856396866840731,VEGAS_FRESH,0.6839729119638825,2026-08-20T16:00:00Z,0.5143603133159269,1.86,1.97,2026-09-22T17:00:00Z,2,3,2,False,0.0,0.0,0.0,0.0,,,,,,,,True,4,3
2026-W03-DEN@NYG,SRC0046,2026,3,2026-09-27,DEN,NYG,0.7096774193548387,0.29032258064516125,VEGAS_FRESH,0.6728110599078342,2026-08-20T16:00:00Z,0.7096774193548387,1.35,3.3,2026-09-22T17:00:00Z,2,3,2,False,0.0,0.0,0.0,0.0,,,,,,,,True,4,3
2026-W03-GB@CAR,SRC0040,2026,3,2026-09-27,GB,CAR,0.5440414507772021,0.4559585492227979,VEGAS_FRESH,0.484375,2026-08-20T16:00:00Z,0.5440414507772021,1.76,2.1,2026-09-22T17:00:00Z,2,3,2,False,0.0,0.0,0.0,0.0,,,,,,,,True,4,3
2026-W03-LAR@LAC,SRC0043,2026,3,2026-09-27,LAR,LAC,0.3689320388349514,0.6310679611650486,VEGAS_FRESH,0.37745098039215685,2026-08-20T16:00:00Z,0.3689320388349514,2.6,1.52,2026-09-22T17:00:00Z,2,3,2,False,0.0,0.0,0.0,0.0,,,,,,,,True,4,3
2026-W03-MIA@DET,SRC0034,2026,3,2026-09-27,MIA,DET,0.45854922279792754,0.5414507772020725,VEGAS_FRESH,0.464935064935065,2026-08-20T16:00:00Z,0.45854922279792754,2.09,1.77,2026-09-22T17:00:00Z,2,3,2,False,0.0,0.0,0.0,0.0,,,,,,,,True,4,3
2026-W03-NO@NYJ,SRC0045,2026,3,2026-09-27,NO,NYJ,0.2928416485900217,0.7071583514099783,VEGAS_FRESH,0.2915766738660907,2026-08-20T16:00:00Z,0.2928416485900217,3.26,1.35,2026-09-22T17:00:00Z,2,3,2,False,0.0,0.0,0.0,0.0,,,,,,,,True,4,3
2026-W03-PIT@PHI,SRC0037,2026,3,2026-09-27,PIT,PHI,0.375,0.625,VEGAS_FRESH,0.5873417721518986,2026-08-20T16:00:00Z,0.375,2.55,1.53,2026-09-22T17:00:00Z,2,3,2,False,0.0,0.0,0.0,0.0,,,,,,,,True,4,3
2026-W03-SEA@MIN,SRC0041,2026,3,2026-09-27,SEA,MIN,0.43814432989690716,0.5618556701030928,VEGAS_FRESH,0.4080604534005038,2026-08-20T16:00:00Z,0.43814432989690716,2.18,1.7,2026-09-22T17:00:00Z,2,3,2,False,0.0,0.0,0.0,0.0,,,,,,,,True,4,3
2026-W03-SF@HOU,SRC0035,2026,3,2026-09-27,SF,HOU,0.7096774193548387,0.29032258064516125,VEGAS_FRESH,0.698901098901099,2026-08-20T16:00:00Z,0.7096774193548387,1.35,3.3,2026-09-22T17:00:00Z,2,3,2,False,0.0,0.0,0.0,0.0,,,,,,,,True,4,3
2026-W03-TB@LV,SRC0042,2026,3,2026-09-27,TB,LV,0.5039164490861618,0.49608355091383816,VEGAS_FRESH,0.4960835509138382,2026-08-20T16:00:00Z,0.5039164490861618,1.9,1.93,2026-09-22T17:00:00Z,2,3,2,False,0.0,0.0,0.0,0.0,,,,,,,,True,4,3
2026-W03-WAS@JAX,SRC0039,2026,3,2026-09-27,WAS,JAX,0.21478873239436622,0.7852112676056338,VEGAS_FRESH,0.1678832116788321,2026-08-20T16:00:00Z,0.21478873239436622,4.46,1.22,2026-09-22T17:00:00Z,2,3,2,False,0.0,0.0,0.0,0.0,,,,,,,,True,4,3
2026-W04-ARI@DET,SRC0057,2026,4,2026-10-04,ARI,DET,0.11168562564632886,0.8883143743536711,VEGAS_FRESH,0.15944055944055943,2026-08-20T16:00:00Z,0.11168562564632886,8.59,1.08,2026-09-29T17:00:00Z,2,4,3,False,0.0,0.0,0.0,0.0,,,,,,,,True,5,4
2026-W04-ATL@NO,SRC0052,2026,4,2026-10-04,ATL,NO,0.7538759689922482,0.24612403100775182,VEGAS_FRESH,0.7490196078431373,2026-08-20T16:00:00Z,0.7538759689922482,1.27,3.89,2026-09-29T17:00:00Z,2,4,3,False,0.0,0.0,0.0,0.0,,,,,,,,True,5,4
2026-W04-CHI@BAL,SRC0049,2026,4,2026-10-04,CHI,BAL,0.3940149625935162,0.6059850374064838,VEGAS_FRESH,0.3707317073170731,2026-08-20T16:00:00Z,0.3940149625935162,2.43,1.58,2026-09-29T17:00:00Z,2,4,3,False,0.0,0.0,0.0,0.0,,,,,,,,True,5,4
2026-W04-CIN@IND,SRC0059,2026,4,2026-10-04,CIN,IND,0.6904231625835189,0.3095768374164811,VEGAS_FRESH,0.8202764976958525,2026-08-20T16:00:00Z,0.6904231625835189,1.39,3.1,2026-09-29T17:00:00Z,2,4,3,False,0.0,0.0,0.0,0.0,,,,,,,,True,5,4
2026-W04-DAL@CAR,SRC0054,2026,4,2026-10-04,DAL,CAR,0.6301703163017031,0.36982968369829694,VEGAS_FRESH,0.6368038740920097,2026-08-20T16:00:00Z,0.6301703163017031,1.52,2.59,2026-09-29T17:00:00Z,2,4,3,False,0.0,0.0,0.0,0.0,,,,,,,,True,5,4
2026-W04-GB@SEA,SRC0060,2026,4,2026-10-04,GB,SEA,0.5286458333333333,0.47135416666666674,VEGAS_FRESH,0.5248041775456919,2026-08-20T16:00:00Z,0.5286458333333333,1.81,2.03,2026-09-29T17:00:00Z,2,4,3,False,0.0,0.0,0.0,0.0,,,,,,,,True,5,4
2026-W04-HOU@SF,SRC0062,2026,4,2026-10-04,HOU,SF,0.3975,0.6025,VEGAS_FRESH,0.41265822784810124,2026-08-20T16:00:00Z,0.3975,2.41,1.59,2026-09-29T17:00:00Z,2,4,3,False,0.0,0.0,0.0,0.0,,,,,,,,True,5,4
2026-W04-KC@MIN,SRC0048,2026,4,2026-10-04,KC,MIN,0.5873417721518986,0.41265822784810136,VEGAS_FRESH,0.4333333333333333,2026-08-20T16:00:00Z,0.5873417721518986,1.63,2.32,2026-09-29T17:00:00Z,2,4,3,False,0.0,0.0,0.0,0.0,,,,,,,,True,5,4
2026-W04-LAC@DEN,SRC0053,2026,4,2026-10-04,LAC,DEN,0.4739583333333334,0.5260416666666665,VEGAS_FRESH,0.4597402597402597,2026-08-20T16:00:00Z,0.4739583333333334,2.02,1.82,2026-09-29T17:00:00Z,2,4,3,False,0.0,0.0,0.0,0.0,,,,,,,,True,5,4
2026-W04-MIA@PIT,SRC0051,2026,4,2026-10-04,MIA,PIT,0.698901098901099,0.30109890109890103,VEGAS_FRESH,0.625,2026-08-20T16:00:00Z,0.698901098901099,1.37,3.18,2026-09-29T17:00:00Z,2,4,3,False,0.0,0.0,0.0,0.0,,,,,,,,True,5,4
2026-W04-NE@JAX,SRC0058,2026,4,2026-10-04,NE,JAX,0.625916870415648,0.37408312958435197,VEGAS_FRESH,0.6104218362282877,2026-08-20T16:00:00Z,0.625916870415648,1.53,2.56,2026-09-29T17:00:00Z,2,4,3,False,0.0,0.0,0.0,0.0,,,,,,,,True,5,4
2026-W04-NYG@BUF,SRC0063,2026,4,2026-10-04,NYG,BUF,0.45854922279792754,0.5414507772020725,VEGAS_FRESH,0.44072164948453607,2026-08-20T16:00:00Z,0.45854922279792754,2.09,1.77,2026-09-29T17:00:00Z,2,4,3,False,0.0,0.0,0.0,0.0,,,,,,,,True,5,4
2026-W04-NYJ@TEN,SRC0050,2026,4,2026-10-04,NYJ,TEN,0.8852284803400636,0.11477151965993637,VEGAS_FRESH,0.8497340425531915,2026-08-20T16:00:00Z,0.8852284803400636,1.08,8.33,2026-09-29T17:00:00Z,2,4,3,False,0.0,0.0,0.0,0.0,,,,,,,,True,5,4
2026-W04-PHI@CLE,SRC0055,2026,4,2026-10-04,PHI,CLE,0.53125,0.46875,VEGAS_FRESH,0.423469387755102,2026-08-20T16:00:00Z,0.53125,1.8,2.04,2026-09-29T17:00:00Z,2,4,3,False,0.0,0.0,0.0,0.0,,,,,,,,True,5,4
2026-W04-TB@LAR,SRC0056,2026,4,2026-10-04,TB,LAR,0.7645951035781543,0.2354048964218457,VEGAS_FRESH,0.7321063394683026,2026-08-20T16:00:00Z,0.7645951035781543,1.25,4.06,2026-09-29T17:00:00Z,2,4,3,False,0.0,0.0,0.0,0.0,,,,,,,,True,5,4
2026-W04-WAS@LV,SRC0061,2026,4,2026-10-04,WAS,LV,0.16763848396501457,0.8323615160349854,VEGAS_FRESH,0.17313432835820897,2026-08-20T16:00:00Z,0.16763848396501457,5.71,1.15,2026-09-29T17:00:00Z,2,4,3,False,0.0,0.0,0.0,0.0,,,,,,,,True,5,4
2026-W05-ATL@LAC,SRC0066,2026,5,2026-10-11,ATL,LAC,0.7049891540130152,0.2950108459869848,VEGAS_FRESH,0.65,2026-08-20T16:00:00Z,0.7049891540130152,1.36,3.25,2026-10-06T17:00:00Z,2,5,4,False,0.0,0.0,0.0,0.0,,,,,,,,True,6,5
2026-W05-CAR@HOU,SRC0075,2026,5,2026-10-11,CAR,HOU,0.5065274151436031,0.4934725848563969,VEGAS_FRESH,0.5555555555555556,2026-08-20T16:00:00Z,0.5065274151436031,1.89,1.94,2026-10-06T17:00:00Z,2,5,4,False,0.0,0.0,0.0,0.0,,,,,,,,True,6,5
2026-W05-CHI@MIA,SRC0072,2026,5,2026-10-11,CHI,MIA,0.2962962962962963,0.7037037037037037,VEGAS_FRESH,0.35903614457831323,2026-08-20T16:00:00Z,0.2962962962962963,3.23,1.36,2026-10-06T17:00:00Z,2,5,4,False,0.0,0.0,0.0,0.0,,,,,,,,True,6,5
2026-W05-CIN@LV,SRC0076,2026,5,2026-10-11,CIN,LV,0.678082191780822,0.32191780821917804,VEGAS_FRESH,0.6743119266055045,2026-08-20T16:00:00Z,0.678082191780822,1.41,2.97,2026-10-06T17:00:00Z,2,5,4,False,0.0,0.0,0.0,0.0,,,,,,,,True,6,5
2026-W05-CLE@PIT,SRC0064,2026,5,2026-10-11,CLE,PIT,0.7867132867132867,0.21328671328671334,VEGAS_FRESH,0.6343825665859565,2026-08-20T16:00:00Z,0.7867132867132867,1.22,4.5,2026-10-06T17:00:00Z,2,5,4,False,0.0,0.0,0.0,0.0,,,,,,,,True,6,5
2026-W05-DEN@TB,SRC0074,2026,5,2026-10-11,DEN,TB,0.6069651741293531,0.39303482587064686,VEGAS_FRESH,0.6216216216216216,2026-08-20T16:00:00Z,0.6069651741293531,1.58,2.44,2026-10-06T17:00:00Z,2,5,4,False,0.0,0.0,0.0,0.0,,,,,,,,True,6,5
2026-W05-GB@NYJ,SRC0078,2026,5,2026-10-11,GB,NYJ,0.280590717299578,0.7194092827004219,VEGAS_FRESH,0.25646123260437376,2026-08-20T16:00:00Z,0.280590717299578,3.41,1.33,2026-10-06T17:00:00Z,2,5,4,False,0.0,0.0,0.0,0.0,,,,,,,,True,6,5
2026-W05-IND@BAL,SRC0069,2026,5,2026-10-11,IND,BAL,0.6172839506172839,0.3827160493827161,VEGAS_FRESH,0.4830287206266319,2026-08-20T16:00:00Z,0.6172839506172839,1.55,2.5,2026-10-06T17:00:00Z,2,5,4,False,0.0,0.0,0.0,0.0,,,,,,,,True,6,5
2026-W05-KC@BUF,SRC0073,2026,5,2026-10-11,KC,BUF,0.49869451697127937,0.5013054830287207,VEGAS_FRESH,0.34916864608076004,2026-08-20T16:00:00Z,0.49869451697127937,1.92,1.91,2026-10-06T17:00:00Z,2,5,4,False,0.0,0.0,0.0,0.0,,,,,,,,True,6,5
2026-W05-LAR@NE,SRC0068,2026,5,2026-10-11,LAR,NE,0.3130630630630631,0.6869369369369369,VEGAS_FRESH,0.2962962962962963,2026-08-20T16:00:00Z,0.3130630630630631,3.05,1.39,2026-10-06T17:00:00Z,2,5,4,False,0.0,0.0,0.0,0.0,,,,,,,,True,6,5
2026-W05-MIN@DAL,SRC0067,2026,5,2026-10-11,MIN,DAL,0.5801526717557253,0.41984732824427473,VEGAS_FRESH,0.5182291666666667,2026-08-20T16:00:00Z,0.5801526717557253,1.65,2.28,2026-10-06T17:00:00Z,2,5,4,False,0.0,0.0,0.0,0.0,,,,,,,,True,6,5
2026-W05-NO@SEA,SRC0077,2026,5,2026-10-11,NO,SEA,0.6216216216216216,0.3783783783783784,VEGAS_FRESH,0.6015037593984962,2026-08-20T16:00:00Z,0.6216216216216216,1.54,2.53,2026-10-06T17:00:00Z,2,5,4,False,0.0,0.0,0.0,0.0,,,,,,,,True,6,5
2026-W05-NYG@ARI,SRC0071,2026,5,2026-10-11,NYG,ARI,0.8096774193548387,0.19032258064516128,VEGAS_FRESH,0.6705069124423965,2026-08-20T16:00:00Z,0.8096774193548387,1.18,5.02,2026-10-06T17:00:00Z,2,5,4,False,0.0,0.0,0.0,0.0,,,,,,,,True,6,5
2026-W05-TEN@SF,SRC0065,2026,5,2026-10-11,TEN,SF,0.22669104204753196,0.773308957952468,VEGAS_FRESH,0.30803571428571425,2026-08-20T16:00:00Z,0.22669104204753196,4.23,1.24,2026-10-06T17:00:00Z,2,5,4,False,0.0,0.0,0.0,0.0,,,,,,,,True,6,5
2026-W05-WAS@PHI,SRC0070,2026,5,2026-10-11,WAS,PHI,0.1630901287553648,0.8369098712446352,VEGAS_FRESH,0.296943231441048,2026-08-20T16:00:00Z,0.1630901287553648,5.85,1.14,2026-10-06T17:00:00Z,2,5,4,False,0.0,0.0,0.0,0.0,,,,,,,,True,6,5
2026-W06-ARI@PIT,SRC0080,2026,6,2026-10-18,ARI,PIT,0.40100250626566414,0.5989974937343359,VEGAS_FRESH,0.2838983050847458,2026-08-20T16:00:00Z,0.40100250626566414,2.39,1.6,2026-10-13T17:00:00Z,2,6,5,False,0.0,0.0,0.0,0.0,,,,,,,,True,7,6
2026-W06-ATL@MIN,SRC0091,2026,6,2026-10-18,ATL,MIN,0.7363083164300201,0.26369168356997985,VEGAS_FRESH,0.7182203389830509,2026-08-20T16:00:00Z,0.7363083164300201,1.3,3.63,2026-10-13T17:00:00Z,2,6,5,False,0.0,0.0,0.0,0.0,,,,,,,,True,7,6
2026-W06-BAL@CLE,SRC0088,2026,6,2026-10-18,BAL,CLE,0.41518987341772146,0.5848101265822785,VEGAS_FRESH,0.5,2026-08-20T16:00:00Z,0.41518987341772146,2.31,1.64,2026-10-13T17:00:00Z,2,6,5,False,0.0,0.0,0.0,0.0,,,,,,,,True,7,6
2026-W06-CHI@TB,SRC0084,2026,6,2026-10-18,CHI,TB,0.3317865429234339,0.6682134570765661,VEGAS_FRESH,0.395,2026-08-20T16:00:00Z,0.3317865429234339,2.88,1.43,2026-10-13T17:00:00Z,2,6,5,False,0.0,0.0,0.0,0.0,,,,,,,,True,7,6
2026-W06-CIN@NYG,SRC0081,2026,6,2026-10-18,CIN,NYG,0.7552986512524085,0.24470134874759153,VEGAS_FRESH,0.7321063394683026,2026-08-20T16:00:00Z,0.7552986512524085,1.27,3.92,2026-10-13T17:00:00Z,2,6,5,False,0.0,0.0,0.0,0.0,,,,,,,,True,7,6
2026-W06-DAL@BUF,SRC0092,2026,6,2026-10-18,DAL,BUF,0.4856396866840731,0.5143603133159269,VEGAS_FRESH,0.41624365482233505,2026-08-20T16:00:00Z,0.4856396866840731,1.97,1.86,2026-10-13T17:00:00Z,2,6,5,False,0.0,0.0,0.0,0.0,,,,,,,,True,7,6
2026-W06-DET@WAS,SRC0087,2026,6,2026-10-18,DET,WAS,0.9173947577442415,0.0826052422557585,VEGAS_FRESH,0.9369592088998764,2026-08-20T16:00:00Z,0.9173947577442415,1.04,11.55,2026-10-13T17:00:00Z,2,6,5,False,0.0,0.0,0.0,0.0,,,,,,,,True,7,6
2026-W06-GB@JAX,SRC0083,2026,6,2026-10-18,GB,JAX,0.37163814180929094,0.6283618581907091,VEGAS_FRESH,0.3614457831325302,2026-08-20T16:00:00Z,0.37163814180929094,2.57,1.52,2026-10-13T17:00:00Z,2,6,5,False,0.0,0.0,0.0,0.0,,,,,,,,True,7,6
2026-W06-HOU@IND,SRC0079,2026,6,2026-10-18,HOU,IND,0.395,0.605,VEGAS_FRESH,0.5801526717557253,2026-08-20T16:00:00Z,0.395,2.42,1.58,2026-10-13T17:00:00Z,2,6,5,False,0.0,0.0,0.0,0.0,,,,,,,,True,7,6
2026-W06-KC@LAR,SRC0090,2026,6,2026-10-18,KC,LAR,0.6940133037694014,0.3059866962305986,VEGAS_FRESH,0.5364583333333334,2026-08-20T16:00:00Z,0.6940133037694014,1.38,3.13,2026-10-13T17:00:00Z,2,6,5,False,0.0,0.0,0.0,0.0,,,,,,,,True,7,6
2026-W06-LV@SEA,SRC0085,2026,6,2026-10-18,LV,SEA,0.8042763157894736,0.19572368421052644,VEGAS_FRESH,0.7755474452554744,2026-08-20T16:00:00Z,0.8042763157894736,1.19,4.89,2026-10-13T17:00:00Z,2,6,5,False,0.0,0.0,0.0,0.0,,,,,,,,True,7,6
2026-W06-MIA@LAC,SRC0086,2026,6,2026-10-18,MIA,LAC,0.6689814814814815,0.3310185185185185,VEGAS_FRESH,0.6890380313199105,2026-08-20T16:00:00Z,0.6689814814814815,1.43,2.89,2026-10-13T17:00:00Z,2,6,5,False,0.0,0.0,0.0,0.0,,,,,,,,True,7,6
2026-W06-NE@DEN,SRC0089,2026,6,2026-10-18,NE,DEN,0.589873417721519,0.410126582278481,VEGAS_FRESH,0.5692307692307692,2026-08-20T16:00:00Z,0.589873417721519,1.62,2.33,2026-10-13T17:00:00Z,2,6,5,False,0.0,0.0,0.0,0.0,,,,,,,,True,7,6
2026-W06-SF@NYJ,SRC0082,2026,6,2026-10-18,SF,NYJ,0.43958868894601544,0.5604113110539846,VEGAS_FRESH,0.6025,2026-08-20T16:00:00Z,0.43958868894601544,2.18,1.71,2026-10-13T17:00:00Z,2,6,5,False,0.0,0.0,0.0,0.0,,,,,,,,True,7,6
2026-W07-ARI@CAR,SRC0098,2026,7,2026-10-25,ARI,CAR,0.34433962264150947,0.6556603773584906,VEGAS_FRESH,0.5182291666666667,2026-08-20T16:00:00Z,0.34433962264150947,2.78,1.46,2026-10-20T17:00:00Z,2,7,6,False,0.0,0.0,0.0,0.0,,,,,,,,True,8,7
2026-W07-ATL@CIN,SRC0094,2026,7,2026-10-25,ATL,CIN,0.44329896907216493,0.5567010309278351,VEGAS_FRESH,0.4830287206266319,2026-08-20T16:00:00Z,0.44329896907216493,2.16,1.72,2026-10-20T17:00:00Z,2,7,6,False,0.0,0.0,0.0,0.0,,,,,,,,True,8,7
2026-W07-CLE@GB,SRC0105,2026,7,2026-10-25,CLE,GB,0.7863397548161121,0.21366024518388793,VEGAS_FRESH,0.782142857142857,2026-08-20T16:00:00Z,0.7863397548161121,1.22,4.49,2026-10-20T17:00:00Z,2,7,6,False,0.0,0.0,0.0,0.0,,,,,,,,True,8,7
2026-W07-DAL@PIT,SRC0095,2026,7,2026-10-25,DAL,PIT,0.6206896551724138,0.3793103448275862,VEGAS_FRESH,0.4296675191815857,2026-08-20T16:00:00Z,0.6206896551724138,1.54,2.52,2026-10-20T17:00:00Z,2,7,6,False,0.0,0.0,0.0,0.0,,,,,,,,True,8,7
2026-W07-DEN@JAX,SRC0100,2026,7,2026-10-25,DEN,JAX,0.609452736318408,0.390547263681592,VEGAS_FRESH,0.5873417721518986,2026-08-20T16:00:00Z,0.609452736318408,1.57,2.45,2026-10-20T17:00:00Z,2,7,6,False,0.0,0.0,0.0,0.0,,,,,,,,True,8,7
2026-W07-DET@TEN,SRC0093,2026,7,2026-10-25,DET,TEN,0.9237536656891496,0.07624633431085037,VEGAS_FRESH,0.8441379310344826,2026-08-20T16:00:00Z,0.9237536656891496,1.04,12.6,2026-10-20T17:00:00Z,2,7,6,False,0.0,0.0,0.0,0.0,,,,,,,,True,8,7
2026-W07-HOU@CHI,SRC0099,2026,7,2026-10-25,HOU,CHI,0.6104218362282877,0.3895781637717123,VEGAS_FRESH,0.6757990867579909,2026-08-20T16:00:00Z,0.6104218362282877,1.57,2.46,2026-10-20T17:00:00Z,2,7,6,False,0.0,0.0,0.0,0.0,,,,,,,,True,8,7
2026-W07-KC@NYG,SRC0106,2026,7,2026-10-25,KC,NYG,0.5592783505154639,0.44072164948453607,VEGAS_FRESH,0.43958868894601544,2026-08-20T16:00:00Z,0.5592783505154639,1.71,2.17,2026-10-20T17:00:00Z,2,7,6,False,0.0,0.0,0.0,0.0,,,,,,,,True,8,7
2026-W07-MIA@NO,SRC0103,2026,7,2026-10-25,MIA,NO,0.7595419847328245,0.24045801526717547,VEGAS_FRESH,0.7548262548262549,2026-08-20T16:00:00Z,0.7595419847328245,1.26,3.98,2026-10-20T17:00:00Z,2,7,6,False,0.0,0.0,0.0,0.0,,,,,,,,True,8,7
2026-W07-MIN@LAC,SRC0101,2026,7,2026-10-25,MIN,LAC,0.5039164490861618,0.49608355091383816,VEGAS_FRESH,0.53125,2026-08-20T16:00:00Z,0.5039164490861618,1.9,1.93,2026-10-20T17:00:00Z,2,7,6,False,0.0,0.0,0.0,0.0,,,,,,,,True,8,7
2026-W07-NE@LAR,SRC0104,2026,7,2026-10-25,NE,LAR,0.7836879432624113,0.2163120567375887,VEGAS_FRESH,0.8087520259319286,2026-08-20T16:00:00Z,0.7836879432624113,1.22,4.42,2026-10-20T17:00:00Z,2,7,6,False,0.0,0.0,0.0,0.0,,,,,,,,True,8,7
2026-W07-NYJ@BAL,SRC0096,2026,7,2026-10-25,NYJ,BAL,0.6689814814814815,0.3310185185185185,VEGAS_FRESH,0.661214953271028,2026-08-20T16:00:00Z,0.6689814814814815,1.43,2.89,2026-10-20T17:00:00Z,2,7,6,False,0.0,0.0,0.0,0.0,,,,,,,,True,8,7
2026-W07-SEA@SF,SRC0097,2026,7,2026-10-25,SEA,SF,0.3614457831325302,0.6385542168674698,VEGAS_FRESH,0.33410672853828305,2026-08-20T16:00:00Z,0.3614457831325302,2.65,1.5,2026-10-20T17:00:00Z,2,7,6,False,0.0,0.0,0.0,0.0,,,,,,,,True,8,7
2026-W07-WAS@PHI,SRC0102,2026,7,2026-10-25,WAS,PHI,0.15543328748280605,0.844566712517194,VEGAS_FRESH,0.24137931034482762,2026-08-20T16:00:00Z,0.15543328748280605,6.14,1.13,2026-10-20T17:00:00Z,2,7,6,False,0.0,0.0,0.0,0.0,,,,,,,,True,8,7
2026-W08-ATL@PHI,SRC0110,2026,8,2026-11-01,ATL,PHI,0.5604113110539846,0.43958868894601544,VEGAS_FRESH,0.6869369369369369,2026-08-20T16:00:00Z,0.5604113110539846,1.71,2.18,2026-10-27T17:00:00Z,2,8,7,False,0.0,0.0,0.0,0.0,,,,,,,,True,9,8
2026-W08-BAL@NE,SRC0119,2026,8,2026-11-01,BAL,NE,0.5143603133159269,0.4856396866840731,VEGAS_FRESH,0.5065274151436031,2026-08-20T16:00:00Z,0.5143603133159269,1.86,1.97,2026-10-27T17:00:00Z,2,8,7,False,0.0,0.0,0.0,0.0,,,,,,,,True,9,8
2026-W08-BUF@CLE,SRC0111,2026,8,2026-11-01,BUF,CLE,0.4470284237726098,0.5529715762273901,VEGAS_FRESH,0.4623376623376624,2026-08-20T16:00:00Z,0.4470284237726098,2.14,1.73,2026-10-27T17:00:00Z,2,8,7,False,0.0,0.0,0.0,0.0,,,,,,,,True,9,8
2026-W08-CAR@DEN,SRC0115,2026,8,2026-11-01,CAR,DEN,0.34117647058823525,0.6588235294117648,VEGAS_FRESH,0.39054726368159204,2026-08-20T16:00:00Z,0.34117647058823525,2.8,1.45,2026-10-27T17:00:00Z,2,8,7,False,0.0,0.0,0.0,0.0,,,,,,,,True,9,8
2026-W08-CHI@NO,SRC0116,2026,8,2026-11-01,CHI,NO,0.5440414507772021,0.4559585492227979,VEGAS_FRESH,0.5765306122448979,2026-08-20T16:00:00Z,0.5440414507772021,1.76,2.1,2026-10-27T17:00:00Z,2,8,7,False,0.0,0.0,0.0,0.0,,,,,,,,True,9,8
2026-W08-CIN@JAX,SRC0112,2026,8,2026-11-01,CIN,JAX,0.7315573770491803,0.26844262295081966,VEGAS_FRESH,0.6825396825396824,2026-08-20T16:00:00Z,0.7315573770491803,1.31,3.57,2026-10-27T17:00:00Z,2,8,7,False,0.0,0.0,0.0,0.0,,,,,,,,True,9,8
2026-W08-DET@KC,SRC0114,2026,8,2026-11-01,DET,KC,0.7373737373737373,0.26262626262626265,VEGAS_FRESH,0.8369098712446351,2026-08-20T16:00:00Z,0.7373737373737373,1.3,3.65,2026-10-27T17:00:00Z,2,8,7,False,0.0,0.0,0.0,0.0,,,,,,,,True,9,8
2026-W08-GB@TEN,SRC0120,2026,8,2026-11-01,GB,TEN,0.7543520309477756,0.2456479690522244,VEGAS_FRESH,0.5776081424936387,2026-08-20T16:00:00Z,0.7543520309477756,1.27,3.9,2026-10-27T17:00:00Z,2,8,7,False,0.0,0.0,0.0,0.0,,,,,,,,True,9,8
2026-W08-LAC@ARI,SRC0109,2026,8,2026-11-01,LAC,ARI,0.8033057851239669,0.1966942148760331,VEGAS_FRESH,0.8129952456418383,2026-08-20T16:00:00Z,0.8033057851239669,1.19,4.86,2026-10-27T17:00:00Z,2,8,7,False,0.0,0.0,0.0,0.0,,,,,,,,True,9,8
2026-W08-LV@TB,SRC0113,2026,8,2026-11-01,LV,TB,0.6292682926829268,0.37073170731707317,VEGAS_FRESH,0.5979899497487436,2026-08-20T16:00:00Z,0.6292682926829268,1.52,2.58,2026-10-27T17:00:00Z,2,8,7,False,0.0,0.0,0.0,0.0,,,,,,,,True,9,8
2026-W08-NYJ@MIN,SRC0118,2026,8,2026-11-01,NYJ,MIN,0.7188160676532769,0.2811839323467231,VEGAS_FRESH,0.698237885462555,2026-08-20T16:00:00Z,0.7188160676532769,1.33,3.4,2026-10-27T17:00:00Z,2,8,7,False,0.0,0.0,0.0,0.0,,,,,,,,True,9,8
2026-W08-SEA@IND,SRC0117,2026,8,2026-11-01,SEA,IND,0.34916864608076004,0.65083135391924,VEGAS_FRESH,0.5143603133159269,2026-08-20T16:00:00Z,0.34916864608076004,2.74,1.47,2026-10-27T17:00:00Z,2,8,7,False,0.0,0.0,0.0,0.0,,,,,,,,True,9,8
2026-W08-SF@PIT,SRC0107,2026,8,2026-11-01,SF,PIT,0.7043478260869566,0.29565217391304344,VEGAS_FRESH,0.5655526992287918,2026-08-20T16:00:00Z,0.7043478260869566,1.36,3.24,2026-10-27T17:00:00Z,2,8,7,False,0.0,0.0,0.0,0.0,,,,,,,,True,9,8
2026-W08-WAS@DAL,SRC0108,2026,8,2026-11-01,WAS,DAL,0.25697211155378485,0.7430278884462151,VEGAS_FRESH,0.29437229437229434,2026-08-20T16:00:00Z,0.25697211155378485,3.73,1.29,2026-10-27T17:00:00Z,2,8,7,False,0.0,0.0,0.0,0.0,,,,,,,,True,9,8
2026-W09-BUF@BAL,SRC0128,2026,9,2026-11-08,BUF,BAL,0.589873417721519,0.410126582278481,VEGAS_FRESH,0.5503875968992248,2026-08-20T16:00:00Z,0.589873417721519,1.62,2.33,2026-11-03T18:00:00Z,2,9,8,False,0.0,0.0,0.0,0.0,,,,,,,,False,,9
2026-W09-CIN@LV,SRC0122,2026,9,2026-11-08,CIN,LV,0.7024070021881839,0.29759299781181614,VEGAS_FRESH,0.6556603773584905,2026-08-20T16:00:00Z,0.7024070021881839,1.36,3.21,2026-11-03T18:00:00Z,2,9,8,False,0.0,0.0,0.0,0.0,,,,,,,,False,,9
2026-W09-CLE@ATL,SRC0127,2026,9,2026-11-08,CLE,ATL,0.5776081424936387,0.4223918575063613,VEGAS_FRESH,0.5039164490861618,2026-08-20T16:00:00Z,0.5776081424936387,1.66,2.27,2026-11-03T18:00:00Z,2,9,8,False,0.0,0.0,0.0,0.0,,,,,,,,False,,9
2026-W09-DET@LAC,SRC0121,2026,9,2026-11-08,DET,LAC,0.725,0.275,VEGAS_FRESH,0.7533980582524272,2026-08-20T16:00:00Z,0.725,1.32,3.48,2026-11-03T18:00:00Z,2,9,8,False,0.0,0.0,0.0,0.0,,,,,,,,False,,9
2026-W09-HOU@TEN,SRC0129,2026,9,2026-11-08,HOU,TEN,0.7485265225933202,0.2514734774066798,VEGAS_FRESH,0.625,2026-08-20T16:00:00Z,0.7485265225933202,1.28,3.81,2026-11-03T18:00:00Z,2,9,8,False,0.0,0.0,0.0,0.0,,,,,,,,False,,9
2026-W09-IND@CHI,SRC0134,2026,9,2026-11-08,IND,CHI,0.7346938775510204,0.26530612244897955,VEGAS_FRESH,0.6015037593984962,2026-08-20T16:00:00Z,0.7346938775510204,1.3,3.6,2026-11-03T18:00:00Z,2,9,8,False,0.0,0.0,0.0,0.0,,,,,,,,False,,9
2026-W09-JAX@NYG,SRC0125,2026,9,2026-11-08,JAX,NYG,0.6025,0.39749999999999996,VEGAS_FRESH,0.6508313539192399,2026-08-20T16:00:00Z,0.6025,1.59,2.41,2026-11-03T18:00:00Z,2,9,8,False,0.0,0.0,0.0,0.0,,,,,,,,False,,9
2026-W09-KC@SEA,SRC0123,2026,9,2026-11-08,KC,SEA,0.6689814814814815,0.3310185185185185,VEGAS_FRESH,0.5529715762273902,2026-08-20T16:00:00Z,0.6689814814814815,1.43,2.89,2026-11-03T18:00:00Z,2,9,8,False,0.0,0.0,0.0,0.0,,,,,,,,False,,9
2026-W09-LAR@CAR,SRC0133,2026,9,2026-11-08,LAR,CAR,0.5629820051413882,0.4370179948586118,VEGAS_FRESH,0.5286458333333333,2026-08-20T16:00:00Z,0.5629820051413882,1.7,2.19,2026-11-03T18:00:00Z,2,9,8,False,0.0,0.0,0.0,0.0,,,,,,,,False,,9
2026-W09-MIA@NO,SRC0126,2026,9,2026-11-08,MIA,NO,0.7552986512524085,0.24470134874759153,VEGAS_FRESH,0.7538759689922482,2026-08-20T16:00:00Z,0.7552986512524085,1.27,3.92,2026-11-03T18:00:00Z,2,9,8,False,0.0,0.0,0.0,0.0,,,,,,,,False,,9
2026-W09-NE@DEN,SRC0132,2026,9,2026-11-08,NE,DEN,0.5466321243523315,0.45336787564766845,VEGAS_FRESH,0.5717948717948719,2026-08-20T16:00:00Z,0.5466321243523315,1.75,2.11,2026-11-03T18:00:00Z,2,9,8,False,0.0,0.0,0.0,0.0,,,,,,,,False,,9
2026-W09-PHI@MIN,SRC0130,2026,9,2026-11-08,PHI,MIN,0.7255717255717256,0.27442827442827444,VEGAS_FRESH,0.5765306122448979,2026-08-20T16:00:00Z,0.7255717255717256,1.32,3.49,2026-11-03T18:00:00Z,2,9,8,False,0.0,0.0,0.0,0.0,,,,,,,,False,,9
2026-W09-TB@GB,SRC0131,2026,9,2026-11-08,TB,GB,0.7455268389662029,0.25447316103379714,VEGAS_FRESH,0.7357723577235773,2026-08-20T16:00:00Z,0.7455268389662029,1.28,3.75,2026-11-03T18:00:00Z,2,9,8,False,0.0,0.0,0.0,0.0,,,,,,,,False,,9
2026-W09-WAS@SF,SRC0124,2026,9,2026-11-08,WAS,SF,0.18940609951845905,0.810593900481541,VEGAS_FRESH,0.19734660033167495,2026-08-20T16:00:00Z,0.18940609951845905,5.05,1.18,2026-11-03T18:00:00Z,2,9,8,False,0.0,0.0,0.0,0.0,,,,,,,,False,,9
2026-W10-BAL@LAC,SRC0142,2026,10,2026-11-15,BAL,LAC,0.5801526717557253,0.41984732824427473,VEGAS_FRESH,0.5091383812010444,2026-08-20T16:00:00Z,0.5801526717557253,1.65,2.28,2026-11-03T18:00:00Z,1,9,8,False,0.0,0.0,0.0,0.0,,,,,,,,False,,9
2026-W10-BUF@PHI,SRC0141,2026,10,2026-11-15,BUF,PHI,0.45219638242894056,0.5478036175710594,VEGAS_FRESH,0.642685851318945,2026-08-20T16:00:00Z,0.45219638242894056,2.12,1.75,2026-11-03T18:00:00Z,1,9,8,False,0.0,0.0,0.0,0.0,,,,,,,,False,,9
2026-W10-CHI@TB,SRC0138,2026,10,2026-11-15,CHI,TB,0.3116591928251121,0.6883408071748879,VEGAS_FRESH,0.39303482587064675,2026-08-20T16:00:00Z,0.3116591928251121,3.07,1.39,2026-11-03T18:00:00Z,1,9,8,False,0.0,0.0,0.0,0.0,,,,,,,,False,,9
2026-W10-DAL@NYJ,SRC0145,2026,10,2026-11-15,DAL,NYJ,0.43076923076923074,0.5692307692307692,VEGAS_FRESH,0.3017621145374449,2026-08-20T16:00:00Z,0.43076923076923074,2.22,1.68,2026-11-03T18:00:00Z,1,9,8,False,0.0,0.0,0.0,0.0,,,,,,,,False,,9
2026-W10-DET@IND,SRC0136,2026,10,2026-11-15,DET,IND,0.6839729119638825,0.31602708803611745,VEGAS_FRESH,0.7928082191780822,2026-08-20T16:00:00Z,0.6839729119638825,1.4,3.03,2026-11-03T18:00:00Z,1,9,8,False,0.0,0.0,0.0,0.0,,,,,,,,False,,9
2026-W10-GB@TEN,SRC0146,2026,10,2026-11-15,GB,TEN,0.7352342158859471,0.26476578411405294,VEGAS_FRESH,0.661214953271028,2026-08-20T16:00:00Z,0.7352342158859471,1.3,3.61,2026-11-03T18:00:00Z,1,9,8,False,0.0,0.0,0.0,0.0,,,,,,,,False,,9
2026-W10-HOU@NYG,SRC0140,2026,10,2026-11-15,HOU,NYG,0.49347258485639683,0.5065274151436032,VEGAS_FRESH,0.5169712793733681,2026-08-20T16:00:00Z,0.49347258485639683,1.94,1.89,2026-11-03T18:00:00Z,1,9,8,False,0.0,0.0,0.0,0.0,,,,,,,,False,,9
2026-W10-JAX@MIN,SRC0137,2026,10,2026-11-15,JAX,MIN,0.6059850374064838,0.3940149625935162,VEGAS_FRESH,0.6788154897494305,2026-08-20T16:00:00Z,0.6059850374064838,1.58,2.43,2026-11-03T18:00:00Z,1,9,8,False,0.0,0.0,0.0,0.0,,,,,,,,False,,9
2026-W10-LAR@CAR,SRC0148,2026,10,2026-11-15,LAR,CAR,0.5765306122448979,0.4234693877551021,VEGAS_FRESH,0.4856396866840731,2026-08-20T16:00:00Z,0.5765306122448979,1.66,2.26,2026-11-03T18:00:00Z,1,9,8,False,0.0,0.0,0.0,0.0,,,,,,,,False,,9
2026-W10-MIA@SF,SRC0144,2026,10,2026-11-15,MIA,SF,0.642685851318945,0.35731414868105504,VEGAS_FRESH,0.5754475703324808,2026-08-20T16:00:00Z,0.642685851318945,1.49,2.68,2026-11-03T18:00:00Z,1,9,8,False,0.0,0.0,0.0,0.0,,,,,,,,False,,9
2026-W10-NE@ARI,SRC0143,2026,10,2026-11-15,NE,ARI,0.8631319358816276,0.13686806411837238,VEGAS_FRESH,0.8493333333333334,2026-08-20T16:00:00Z,0.8631319358816276,1.11,7.0,2026-11-03T18:00:00Z,1,9,8,False,0.0,0.0,0.0,0.0,,,,,,,,False,,9
2026-W10-PIT@LV,SRC0147,2026,10,2026-11-15,PIT,LV,0.32718894009216587,0.6728110599078341,VEGAS_FRESH,0.5260416666666667,2026-08-20T16:00:00Z,0.32718894009216587,2.92,1.42,2026-11-03T18:00:00Z,1,9,8,False,0.0,0.0,0.0,0.0,,,,,,,,False,,9
2026-W10-SEA@NO,SRC0135,2026,10,2026-11-15,SEA,NO,0.5414507772020726,0.4585492227979274,VEGAS_FRESH,0.5013054830287206,2026-08-20T16:00:00Z,0.5414507772020726,1.77,2.09,2026-11-03T18:00:00Z,1,9,8,False,0.0,0.0,0.0,0.0,,,,,,,,False,,9
2026-W10-WAS@DEN,SRC0139,2026,10,2026-11-15,WAS,DEN,0.1657060518731988,0.8342939481268012,VEGAS_FRESH,0.2006688963210702,2026-08-20T16:00:00Z,0.1657060518731988,5.79,1.15,2026-11-03T18:00:00Z,1,9,8,False,0.0,0.0,0.0,0.0,,,,,,,,False,,9
2026-W11-ARI@BUF,SRC0152,2026,11,2026-11-22,ARI,BUF,0.22972717331165582,0.7702728266883442,VEGAS_STALE_ADJUSTED,0.2838983050847458,2026-08-20T16:00:00Z,0.2838983050847458,3.38,1.34,2026-08-20T16:00:00Z,0,1,0,True,-0.28464627509868556,-0.054171131773089964,10.708333333333334,0.9390862944162437,-0.12231461366559146,0.22940410170555423,-0.10231461366559146,0.20940410170555424,-0.3117187153711457,0,8,False,,9
2026-W11-CIN@ATL,SRC0162,2026,11,2026-11-22,CIN,ATL,0.6586785911815773,0.34132140881842266,VEGAS_STALE_ADJUSTED,0.605,2026-08-20T16:00:00Z,0.605,1.58,2.42,2026-08-20T16:00:00Z,0,1,0,True,0.23106841914790022,0.05367859118157736,10.708333333333334,0.9390862944162437,0.032021162529484476,-0.2585605537680541,0.012021162529484476,-0.2385605537680541,0.25058171629753856,0,8,False,,9
2026-W11-CLE@MIA,SRC0161,2026,11,2026-11-22,CLE,MIA,0.5529581074827958,0.44704189251720416,VEGAS_STALE_ADJUSTED,0.5143603133159269,2026-08-20T16:00:00Z,0.5143603133159269,1.86,1.97,2026-08-20T16:00:00Z,0,1,0,True,0.15517287912395294,0.038597794166868926,10.708333333333334,0.9390862944162437,-0.006698203636439498,-0.1865838788001907,0.0,-0.1665838788001907,0.1665838788001907,0,8,False,,9
2026-W11-DEN@KC,SRC0150,2026,11,2026-11-22,DEN,KC,0.6912841607221231,0.30871583927787694,VEGAS_STALE_ADJUSTED,0.7755474452554744,2026-08-20T16:00:00Z,0.7755474452554744,1.23,4.25,2026-08-20T16:00:00Z,0,1,0,True,-0.43377508297627426,-0.0842632845333513,10.708333333333334,0.9390862944162437,-0.6055777468793864,-0.11090819983630149,-0.5855777468793864,-0.09090819983630148,-0.49466954704308486,0,8,False,,9
2026-W11-DET@SEA,SRC0160,2026,11,2026-11-22,DET,SEA,0.8426945567836871,0.1573054432163129,VEGAS_STALE_ADJUSTED,0.8516556291390729,2026-08-20T16:00:00Z,0.8516556291390729,1.12,6.43,2026-08-20T16:00:00Z,0,1,0,True,-0.06923070295334459,-0.00896107235538579,10.708333333333334,0.9390862944162437,0.006698203636439498,0.09383946244627536,0.0,0.07383946244627536,-0.07383946244627536,0,8,False,,9
2026-W11-HOU@BAL,SRC0149,2026,11,2026-11-22,HOU,BAL,0.45933877087501523,0.5406612291249848,VEGAS_STALE_ADJUSTED,0.464935064935065,2026-08-20T16:00:00Z,0.464935064935065,2.06,1.79,2026-08-20T16:00:00Z,0,1,0,True,-0.022514525167806953,-0.005596294060049745,10.708333333333334,0.9390862944162437,-0.0439789790270195,0.018829651225897998,-0.0239789790270195,0.0,-0.0239789790270195,0,8,False,,9
2026-W11-LAR@LV,SRC0157,2026,11,2026-11-22,LAR,LV,0.30984439794569724,0.6901556020543027,VEGAS_STALE_ADJUSTED,0.27999999999999997,2026-08-20T16:00:00Z,0.27999999999999997,3.42,1.33,2026-08-20T16:00:00Z,0,1,0,True,0.1436147558029542,0.029844397945697265,10.708333333333334,0.9390862944162437,0.03963627089174013,-0.1543586486882728,0.019636270891740127,-0.1343586486882728,0.15399491958001293,0,8,False,,9
2026-W11-NO@IND,SRC0159,2026,11,2026-11-22,NO,IND,0.3929067081488417,0.6070932918511582,VEGAS_STALE_ADJUSTED,0.5143603133159269,2026-08-20T16:00:00Z,0.5143603133159269,1.86,1.97,2026-08-20T16:00:00Z,0,1,0,True,-0.49256732776035606,-0.1214536051670852,10.708333333333334,0.9390862944162437,-0.5651069142658605,0.04932853688174785,-0.5451069142658604,0.029328536881747847,-0.5744354511476083,0,8,False,,9
2026-W11-NYG@JAX,SRC0151,2026,11,2026-11-22,NYG,JAX,0.5374283898728357,0.4625716101271643,VEGAS_STALE_ADJUSTED,0.4559585492227979,2026-08-20T16:00:00Z,0.4559585492227979,2.1,1.76,2026-08-20T16:00:00Z,0,1,0,True,0.32661768098740035,0.08146984065003782,10.708333333333334,0.9390862944162437,0.19848614028435493,-0.20254278697818517,0.17848614028435494,-0.18254278697818518,0.3610289272625401,0,8,False,,9
2026-W11-NYJ@GB,SRC0154,2026,11,2026-11-22,NYJ,GB,0.7890802307179539,0.21091976928204614,VEGAS_STALE_ADJUSTED,0.8154574132492113,2026-08-20T16:00:00Z,0.8154574132492113,1.17,5.17,2026-08-20T16:00:00Z,0,1,0,True,-0.16647875824341823,-0.026377182531257426,10.708333333333334,0.9390862944162437,-0.1083399094322228,0.1106030144479859,-0.0883399094322228,0.0906030144479859,-0.1789429238802087,0,8,False,,9
2026-W11-PHI@NE,SRC0155,2026,11,2026-11-22,PHI,NE,0.5837463541724243,0.41625364582757574,VEGAS_STALE_ADJUSTED,0.4533678756476684,2026-08-20T16:00:00Z,0.4533678756476684,2.11,1.75,2026-08-20T16:00:00Z,0,1,0,True,0.5252439229858953,0.13037847852475587,10.708333333333334,0.9390862944162437,0.01252888298115526,-0.6414064046233089,0.0,-0.6214064046233089,0.6214064046233089,0,8,False,,9
2026-W11-PIT@TB,SRC0156,2026,11,2026-11-22,PIT,TB,0.43852996586635545,0.5614700341336445,VEGAS_STALE_ADJUSTED,0.583756345177665,2026-08-20T16:00:00Z,0.583756345177665,1.64,2.3,2026-08-20T16:00:00Z,0,1,0,True,-0.5853431396396619,-0.1452263793113095,10.708333333333334,0.9390862944162437,-0.21793696428890877,0.5361107366721606,-0.19793696428890878,0.5161107366721606,-0.7140477009610693,0,8,False,,9
2026-W11-SF@DAL,SRC0153,2026,11,2026-11-22,SF,DAL,0.6284430311116176,0.3715569688883824,VEGAS_STALE_ADJUSTED,0.6788154897494305,2026-08-20T16:00:00Z,0.6788154897494305,1.41,2.98,2026-08-20T16:00:00Z,0,1,0,True,-0.2227904155154758,-0.05037245863781292,10.708333333333334,0.9390862944162437,-0.11285816144656245,0.16842994223357544,-0.09285816144656245,0.14842994223357545,-0.2412881036801379,0,8,False,,9
2026-W11-TEN@CAR,SRC0158,2026,11,2026-11-22,TEN,CAR,0.4572930996411706,0.5427069003588294,VEGAS_STALE_ADJUSTED,0.5692307692307692,2026-08-20T16:00:00Z,0.5692307692307692,1.68,2.22,2026-08-20T16:00:00Z,0,1,0,True,-0.4499582571232952,-0.11193766958959861,10.708333333333334,0.9390862944162437,-0.015108531318295065,0.5360845606451551,0.0,0.5160845606451551,-0.5160845606451551,0,8,False,,9
2026-W12-ARI@CLE,SRC0168,2026,12,2026-11-29,ARI,CLE,0.17343723982076334,0.8265627601792367,VEGAS_STALE_ADJUSTED,0.2275229357798165,2026-08-20T16:00:00Z,0.2275229357798165,4.21,1.24,2026-08-20T16:00:00Z,0,1,0,True,-0.3391087773748437,-0.05408569595905316,10.708333333333334,0.9390862944162437,-0.1865838788001907,0.22940410170555423,-0.1665838788001907,0.20940410170555424,-0.37598798050574495,0,8,False,,9
2026-W12-CHI@TEN,SRC0171,2026,12,2026-11-29,CHI,TEN,0.7162901067108489,0.2837098932891511,VEGAS_STALE_ADJUSTED,0.6084788029925187,2026-08-20T16:00:00Z,0.6084788029925187,1.57,2.44,2026-08-20T16:00:00Z,0,1,0,True,0.4852106283552275,0.10781130371833025,10.708333333333334,0.9390862944162437,0.5360845606451551,-0.06805637871631257,0.5160845606451551,-0.04805637871631256,0.5641409393614676,0,8,False,,9
2026-W12-DAL@NYJ,SRC0175,2026,12,2026-11-29,DAL,NYJ,0.424720054903502,0.575279945096498,VEGAS_STALE_ADJUSTED,0.3836633663366336,2026-08-20T16:00:00Z,0.3836633663366336,2.49,1.55,2026-08-20T16:00:00Z,0,1,0,True,0.1706012537343887,0.04105668856686839,10.708333333333334,0.9390862944162437,0.1106030144479859,-0.11285816144656245,0.0906030144479859,-0.09285816144656245,0.18346117589454836,0,8,False,,9
2026-W12-DEN@JAX,SRC0174,2026,12,2026-11-29,DEN,JAX,0.6226932259725552,0.37730677402744484,VEGAS_STALE_ADJUSTED,0.5629820051413882,2026-08-20T16:00:00Z,0.5629820051413882,1.7,2.19,2026-08-20T16:00:00Z,0,1,0,True,0.24772210981160378,0.05971122083116698,10.708333333333334,0.9390862944162437,0.19848614028435493,-0.11090819983630149,0.17848614028435494,-0.09090819983630148,0.26939434012065644,0,8,False,,9
2026-W12-DET@BUF,SRC0166,2026,12,2026-11-29,DET,BUF,0.704988595906326,0.295011404093674,VEGAS_STALE_ADJUSTED,0.7379032258064517,2026-08-20T16:00:00Z,0.7379032258064517,1.3,3.66,2026-08-20T16:00:00Z,0,1,0,True,-0.1639312698210232,-0.032914629900125725,10.708333333333334,0.9390862944162437,-0.12231461366559146,0.09383946244627536,-0.10231461366559146,0.07383946244627536,-0.17615407611186681,0,8,False,,9
2026-W12-GB@MIN,SRC0165,2026,12,2026-11-29,GB,MIN,0.4739478267855276,0.5260521732144724,VEGAS_STALE_ADJUSTED,0.4533678756476684,2026-08-20T16:00:00Z,0.4533678756476684,2.11,1.75,2026-08-20T16:00:00Z,0,1,0,True,0.0827690086772335,0.02057995113785921,10.708333333333334,0.9390862944162437,0.016571095026990647,-0.1083399094322228,0.0,-0.0883399094322228,0.0883399094322228,0,8,False,,9
2026-W12-HOU@CAR,SRC0177,2026,12,2026-11-29,HOU,CAR,0.633495145631068,0.366504854368932,VEGAS_PRESEASON,0.633495145631068,2026-08-20T16:00:00Z,0.633495145631068,1.51,2.61,2026-08-20T16:00:00Z,0,1,0,False,0.0,0.0,10.708333333333334,0.9390862944162437,-0.015108531318295065,0.018829651225897998,0.0,0.0,0.0,0,8,False,,9
2026-W12-KC@ATL,SRC0173,2026,12,2026-11-29,KC,ATL,0.3752627758367711,0.624737224163229,VEGAS_STALE_ADJUSTED,0.26530612244897966,2026-08-20T16:00:00Z,0.26530612244897966,3.6,1.3,2026-08-20T16:00:00Z,0,1,0,True,0.5088649771418483,0.10995665338779143,10.708333333333334,0.9390862944162437,0.032021162529484476,-0.6055777468793864,0.012021162529484476,-0.5855777468793864,0.5975989094088708,0,8,False,,9
2026-W12-LAC@NYG,SRC0170,2026,12,2026-11-29,LAC,NYG,0.5794927501918371,0.4205072498081629,VEGAS_STALE_ADJUSTED,0.6206896551724138,2026-08-20T16:00:00Z,0.6206896551724138,1.54,2.52,2026-08-20T16:00:00Z,0,1,0,True,-0.17178505303784314,-0.04119690498057671,10.708333333333334,0.9390862944162437,-0.20254278697818517,0.022217034914263897,-0.18254278697818518,0.002217034914263897,-0.18475982189244908,0,8,False,,9
2026-W12-LV@PHI,SRC0169,2026,12,2026-11-29,LV,PHI,0.5589540163811628,0.4410459836188372,VEGAS_STALE_ADJUSTED,0.6846846846846846,2026-08-20T16:00:00Z,0.6846846846846846,1.4,3.04,2026-08-20T16:00:00Z,0,1,0,True,-0.5384672107797189,-0.12573066830352175,10.708333333333334,0.9390862944162437,-0.6414064046233089,0.03963627089174013,-0.6214064046233089,0.019636270891740127,-0.641042675515049,0,8,False,,9
2026-W12-NE@LAR,SRC0163,2026,12,2026-11-29,NE,LAR,0.7967567420985598,0.20324325790144016,VEGAS_STALE_ADJUSTED,0.8163265306122449,2026-08-20T16:00:00Z,0.8163265306122449,1.17,5.2,2026-08-20T16:00:00Z,0,1,0,True,-0.12550903793710536,-0.01956978851368507,10.708333333333334,0.9390862944162437,-0.1543586486882728,0.01252888298115526,-0.1343586486882728,0.0,-0.1343586486882728,0,8,False,,9
2026-W12-NO@IND,SRC0172,2026,12,2026-11-29,NO,IND,0.4316258248570796,0.5683741751429203,VEGAS_STALE_ADJUSTED,0.5541237113402062,2026-08-20T16:00:00Z,0.5541237113402062,1.73,2.15,2026-08-20T16:00:00Z,0,1,0,True,-0.49256732776035606,-0.1224978864831266,10.708333333333334,0.9390862944162437,-0.5651069142658605,0.04932853688174785,-0.5451069142658604,0.029328536881747847,-0.5744354511476083,0,8,False,,9
2026-W12-PIT@CIN,SRC0167,2026,12,2026-11-29,PIT,CIN,0.23523988260684378,0.7647601173931562,VEGAS_STALE_ADJUSTED,0.3614457831325302,2026-08-20T16:00:00Z,0.3614457831325302,2.65,1.5,2026-08-20T16:00:00Z,0,1,0,True,-0.6098619101715506,-0.1262059005256864,10.708333333333334,0.9390862944162437,-0.2585605537680541,0.5361107366721606,-0.2385605537680541,0.5161107366721606,-0.7546712904402146,0,8,False,,9
2026-W12-TB@SF,SRC0164,2026,12,2026-11-29,TB,SF,0.5830255412254102,0.41697445877458983,VEGAS_STALE_ADJUSTED,0.5052356020942408,2026-08-20T16:00:00Z,0.5052356020942408,1.89,1.93,2026-08-20T16:00:00Z,0,1,0,True,0.31426285155583117,0.07778993913116938,10.708333333333334,0.9390862944162437,0.16842994223357544,-0.21793696428890877,0.14842994223357545,-0.19793696428890878,0.34636690652248425,0,8,False,,9
2026-W12-WAS@MIA,SRC0176,2026,12,2026-11-29,WAS,MIA,0.15745749404548734,0.8425425059545126,VEGAS_STALE_ADJUSTED,0.16594516594516592,2026-08-20T16:00:00Z,0.16594516594516592,5.78,1.15,2026-08-20T16:00:00Z,0,1,0,True,-0.06262683005074428,-0.008487671899678584,10.708333333333334,0.9390862944162437,-0.006698203636439498,0.08677650423323421,0.0,0.06677650423323421,-0.06677650423323421,0,8,False,,9
2026-W13-BAL@SEA,SRC0179,2026,13,2026-12-06,BAL,SEA,0.7385223324348567,0.26147766756514335,VEGAS_STALE_ADJUSTED,0.7341513292433538,2026-08-20T16:00:00Z,0.7341513292433538,1.3,3.59,2026-08-20T16:00:00Z,0,1,0,True,0.022514525167806953,0.0043710031915028535,10.708333333333334,0.9390862944162437,0.006698203636439498,-0.0439789790270195,0.0,-0.0239789790270195,0.0239789790270195,0,8,False,,9
2026-W13-BUF@HOU,SRC0189,2026,13,2026-12-06,BUF,HOU,0.6761640257527991,0.3238359742472009,VEGAS_STALE_ADJUSTED,0.6548463356973996,2026-08-20T16:00:00Z,0.6548463356973996,1.46,2.77,2026-08-20T16:00:00Z,0,1,0,True,0.09578766849748879,0.02131769005539952,10.708333333333334,0.9390862944162437,0.018829651225897998,-0.12231461366559146,0.0,-0.10231461366559146,0.10231461366559146,0,8,False,,9
2026-W13-CAR@PHI,SRC0192,2026,13,2026-12-06,CAR,PHI,0.34525719310006175,0.6547428068999382,VEGAS_STALE_ADJUSTED,0.47135416666666663,2026-08-20T16:00:00Z,0.47135416666666663,2.03,1.81,2026-08-20T16:00:00Z,0,1,0,True,-0.5252439229858953,-0.12609697356660488,10.708333333333334,0.9390862944162437,-0.6414064046233089,-0.015108531318295065,-0.6214064046233089,0.0,-0.6214064046233089,0,8,False,,9
2026-W13-CHI@KC,SRC0184,2026,13,2026-12-06,CHI,KC,0.414293469053681,0.585706530946319,VEGAS_STALE_ADJUSTED,0.5298701298701299,2026-08-20T16:00:00Z,0.5298701298701299,1.81,2.04,2026-08-20T16:00:00Z,0,1,0,True,-0.46586724113057937,-0.11557666081644896,10.708333333333334,0.9390862944162437,-0.6055777468793864,-0.06805637871631257,-0.5855777468793864,-0.04805637871631256,-0.5375213681630738,0,8,False,,9
2026-W13-CIN@LAC,SRC0190,2026,13,2026-12-06,CIN,LAC,0.747879021441799,0.25212097855820104,VEGAS_STALE_ADJUSTED,0.7037037037037036,2026-08-20T16:00:00Z,0.7037037037037036,1.36,3.23,2026-08-20T16:00:00Z,0,1,0,True,0.22233474541021922,0.044175317738095354,10.708333333333334,0.9390862944162437,0.022217034914263897,-0.2585605537680541,0.002217034914263897,-0.2385605537680541,0.240777588682318,0,8,False,,9
2026-W13-CLE@WAS,SRC0186,2026,13,2026-12-06,CLE,WAS,0.9090479575783197,0.09095204242168031,VEGAS_STALE_ADJUSTED,0.8895705521472392,2026-08-20T16:00:00Z,0.8895705521472392,1.08,8.7,2026-08-20T16:00:00Z,0,1,0,True,0.21570350562836416,0.019477405431080452,10.708333333333334,0.9390862944162437,0.08677650423323421,-0.1865838788001907,0.06677650423323421,-0.1665838788001907,0.23336038303342493,0,8,False,,9
2026-W13-DAL@LAR,SRC0185,2026,13,2026-12-06,DAL,LAR,0.6508251244746575,0.34917487552534254,VEGAS_STALE_ADJUSTED,0.65962441314554,2026-08-20T16:00:00Z,0.65962441314554,1.45,2.81,2026-08-20T16:00:00Z,0,1,0,True,-0.0389528194996322,-0.008799288670882532,10.708333333333334,0.9390862944162437,-0.1543586486882728,-0.11285816144656245,-0.1343586486882728,-0.09285816144656245,-0.04150048724171035,0,8,False,,9
2026-W13-DET@NYJ,SRC0181,2026,13,2026-12-06,DET,NYJ,0.6462924791722288,0.35370752082777124,VEGAS_STALE_ADJUSTED,0.642685851318945,2026-08-20T16:00:00Z,0.642685851318945,1.49,2.68,2026-08-20T16:00:00Z,0,1,0,True,0.015741121610245875,0.003606627853283806,10.708333333333334,0.9390862944162437,0.1106030144479859,0.09383946244627536,0.0906030144479859,0.07383946244627536,0.016763552001710535,0,8,False,,9
2026-W13-GB@DEN,SRC0188,2026,13,2026-12-06,GB,DEN,0.3061540947923906,0.6938459052076094,VEGAS_STALE_ADJUSTED,0.30666666666666664,2026-08-20T16:00:00Z,0.30666666666666664,3.12,1.38,2026-08-20T16:00:00Z,0,1,0,True,-0.00241184164198978,-0.0005125718742760577,10.708333333333334,0.9390862944162437,-0.11090819983630149,-0.1083399094322228,-0.09090819983630148,-0.0883399094322228,-0.002568290404078688,0,8,False,,9
2026-W13-IND@MIA,SRC0182,2026,13,2026-12-06,IND,MIA,0.4525941263995844,0.5474058736004156,VEGAS_STALE_ADJUSTED,0.3403755868544601,2026-08-20T16:00:00Z,0.3403755868544601,2.81,1.45,2026-08-20T16:00:00Z,0,1,0,True,0.4714261560178194,0.11221853954512429,10.708333333333334,0.9390862944162437,-0.006698203636439498,-0.5651069142658605,0.0,-0.5451069142658604,0.5451069142658604,0,8,False,,9
2026-W13-LV@ARI,SRC0183,2026,13,2026-12-06,LV,ARI,0.8511340760946821,0.14886592390531794,VEGAS_STALE_ADJUSTED,0.8273809523809523,2026-08-20T16:00:00Z,0.8273809523809523,1.16,5.56,2026-08-20T16:00:00Z,0,1,0,True,0.1763455029616768,0.02375312371372973,10.708333333333334,0.9390862944162437,0.22940410170555423,0.03963627089174013,0.20940410170555424,0.019636270891740127,0.1897678308138141,0,8,False,,9
2026-W13-MIN@ATL,SRC0187,2026,13,2026-12-06,MIN,ATL,0.41286025474885163,0.5871397452511484,VEGAS_STALE_ADJUSTED,0.4101265822784811,2026-08-20T16:00:00Z,0.4101265822784811,2.33,1.62,2026-08-20T16:00:00Z,0,1,0,True,0.011288429447990021,0.0027336724703705406,10.708333333333334,0.9390862944162437,0.032021162529484476,0.016571095026990647,0.012021162529484476,0.0,0.012021162529484476,0,8,False,,9
2026-W13-NO@TEN,SRC0178,2026,13,2026-12-06,NO,TEN,0.7889329512250188,0.21106704877498117,VEGAS_STALE_ADJUSTED,0.709051724137931,2026-08-20T16:00:00Z,0.709051724137931,1.35,3.29,2026-08-20T16:00:00Z,0,1,0,True,0.42772251576701226,0.07988122708708778,10.708333333333334,0.9390862944162437,0.5360845606451551,0.04932853688174785,0.5160845606451551,0.029328536881747847,0.4867560237634072,0,8,False,,9
2026-W13-NYG@TB,SRC0180,2026,13,2026-12-06,NYG,TB,0.4523750680375858,0.5476249319624142,VEGAS_STALE_ADJUSTED,0.4559585492227979,2026-08-20T16:00:00Z,0.4559585492227979,2.1,1.76,2026-08-20T16:00:00Z,0,1,0,True,-0.014455453928792102,-0.0035834811852120674,10.708333333333334,0.9390862944162437,-0.21793696428890877,-0.20254278697818517,-0.19793696428890878,-0.18254278697818518,-0.015394177310723595,0,8,False,,9
2026-W13-PIT@JAX,SRC0191,2026,13,2026-12-06,PIT,JAX,0.5162803117233827,0.48371968827661727,VEGAS_STALE_ADJUSTED,0.5919395465994962,2026-08-20T16:00:00Z,0.5919395465994962,1.62,2.35,2026-08-20T16:00:00Z,0,1,0,True,-0.306844903645005,-0.07565923487611348,10.708333333333334,0.9390862944162437,0.19848614028435493,0.5361107366721606,0.17848614028435494,0.5161107366721606,-0.3376245963878056,0,8,False,,9
2026-W14-ATL@KC,SRC0201,2026,14,2026-12-13,ATL,KC,0.758321293329058,0.24167870667094205,VEGAS_STALE_ADJUSTED,0.8392101551480958,2026-08-20T16:00:00Z,0.8392101551480958,1.14,5.95,2026-08-20T16:00:00Z,0,1,0,True,-0.5088649771418483,-0.08088886181903787,10.708333333333334,0.9390862944162437,-0.6055777468793864,0.032021162529484476,-0.5855777468793864,0.012021162529484476,-0.5975989094088708,0,8,False,,9
2026-W14-CAR@TEN,SRC0200,2026,14,2026-12-13,CAR,TEN,0.7491290777246804,0.2508709222753196,VEGAS_STALE_ADJUSTED,0.6556603773584905,2026-08-20T16:00:00Z,0.6556603773584905,1.46,2.78,2026-08-20T16:00:00Z,0,1,0,True,0.4499582571232952,0.09346870036618993,10.708333333333334,0.9390862944162437,0.5360845606451551,-0.015108531318295065,0.5160845606451551,0.0,0.5160845606451551,0,8,False,,9
2026-W14-CHI@CLE,SRC0206,2026,14,2026-12-13,CHI,CLE,0.2718824628421468,0.7281175371578532,VEGAS_STALE_ADJUSTED,0.29437229437229434,2026-08-20T16:00:00Z,0.29437229437229434,3.26,1.36,2026-08-20T16:00:00Z,0,1,0,True,-0.1108501406733945,-0.022489831530147553,10.708333333333334,0.9390862944162437,-0.1865838788001907,-0.06805637871631257,-0.1665838788001907,-0.04805637871631256,-0.11852750008387815,0,8,False,,9
2026-W14-DAL@SEA,SRC0197,2026,14,2026-12-13,DAL,SEA,0.6834467660264428,0.31655323397355717,VEGAS_STALE_ADJUSTED,0.6643356643356644,2026-08-20T16:00:00Z,0.6643356643356644,1.44,2.85,2026-08-20T16:00:00Z,0,1,0,True,0.08698146480853214,0.019111101690778454,10.708333333333334,0.9390862944162437,0.006698203636439498,-0.11285816144656245,0.0,-0.09285816144656245,0.09285816144656245,0,8,False,,9
2026-W14-HOU@SF,SRC0202,2026,14,2026-12-13,HOU,SF,0.4403631416398386,0.5596368583601614,VEGAS_STALE_ADJUSTED,0.4065656565656566,2026-08-20T16:00:00Z,0.4065656565656566,2.35,1.61,2026-08-20T16:00:00Z,0,1,0,True,0.1384927514204817,0.03379748507418201,10.708333333333334,0.9390862944162437,0.16842994223357544,0.018829651225897998,0.14842994223357545,0.0,0.14842994223357545,0,8,False,,9
2026-W14-IND@NYG,SRC0198,2026,14,2026-12-13,IND,NYG,0.6818915258308564,0.31810847416914356,VEGAS_STALE_ADJUSTED,0.6069651741293531,2026-08-20T16:00:00Z,0.6069651741293531,1.58,2.44,2026-08-20T16:00:00Z,0,1,0,True,0.32790496153945975,0.0749263517015033,10.708333333333334,0.9390862944162437,-0.20254278697818517,-0.5651069142658605,-0.18254278697818518,-0.5451069142658604,0.3625641272876753,0,8,False,,9
2026-W14-JAX@BUF,SRC0193,2026,14,2026-12-13,JAX,BUF,0.5919950300859461,0.4080049699140539,VEGAS_STALE_ADJUSTED,0.652482269503546,2026-08-20T16:00:00Z,0.652482269503546,1.47,2.76,2026-08-20T16:00:00Z,0,1,0,True,-0.2577493947066065,-0.060487239417599925,10.708333333333334,0.9390862944162437,-0.12231461366559146,0.19848614028435493,-0.10231461366559146,0.17848614028435494,-0.2808007539499464,0,8,False,,9
2026-W14-MIN@DET,SRC0194,2026,14,2026-12-13,MIN,DET,0.3496817932303488,0.6503182067696511,VEGAS_STALE_ADJUSTED,0.33410672853828305,2026-08-20T16:00:00Z,0.33410672853828305,2.87,1.44,2026-08-20T16:00:00Z,0,1,0,True,0.06923070295334459,0.015575064692065765,10.708333333333334,0.9390862944162437,0.09383946244627536,0.016571095026990647,0.07383946244627536,0.0,0.07383946244627536,0,8,False,,9
2026-W14-NE@LV,SRC0195,2026,14,2026-12-13,NE,LV,0.5799457455649899,0.4200542544350101,VEGAS_STALE_ADJUSTED,0.5754475703324808,2026-08-20T16:00:00Z,0.5754475703324808,1.66,2.25,2026-08-20T16:00:00Z,0,1,0,True,0.01843806302695318,0.004498175232509061,10.708333333333334,0.9390862944162437,0.03963627089174013,0.01252888298115526,0.019636270891740127,0.0,0.019636270891740127,0,8,False,,9
2026-W14-NO@LAC,SRC0204,2026,14,2026-12-13,NO,LAC,0.45721807597479536,0.5427819240252046,VEGAS_STALE_ADJUSTED,0.46354166666666663,2026-08-20T16:00:00Z,0.46354166666666663,2.06,1.78,2026-08-20T16:00:00Z,0,1,0,True,-0.025454540163050963,-0.0063235906918712725,10.708333333333334,0.9390862944162437,0.022217034914263897,0.04932853688174785,0.002217034914263897,0.029328536881747847,-0.02711150196748395,0,8,False,,9
2026-W14-NYJ@ARI,SRC0203,2026,14,2026-12-13,NYJ,ARI,0.8685125450982399,0.13148745490176006,VEGAS_STALE_ADJUSTED,0.855297157622739,2026-08-20T16:00:00Z,0.855297157622739,1.12,6.62,2026-08-20T16:00:00Z,0,1,0,True,0.11110389841214834,0.013215387475500995,10.708333333333334,0.9390862944162437,0.22940410170555423,0.1106030144479859,0.20940410170555424,0.0906030144479859,0.11880108725756834,0,8,False,,9
2026-W14-PHI@MIA,SRC0196,2026,14,2026-12-13,PHI,MIA,0.5466219343290075,0.4533780656709925,VEGAS_STALE_ADJUSTED,0.41624365482233505,2026-08-20T16:00:00Z,0.41624365482233505,2.3,1.64,2026-08-20T16:00:00Z,0,1,0,True,0.5252439229858953,0.13037827950667247,10.708333333333334,0.9390862944162437,-0.006698203636439498,-0.6414064046233089,0.0,-0.6214064046233089,0.6214064046233089,0,8,False,,9
2026-W14-PIT@CIN,SRC0207,2026,14,2026-12-13,PIT,CIN,0.23849896203596815,0.7615010379640319,VEGAS_STALE_ADJUSTED,0.36561743341404357,2026-08-20T16:00:00Z,0.36561743341404357,2.62,1.51,2026-08-20T16:00:00Z,0,1,0,True,-0.6098619101715506,-0.12711847137807541,10.708333333333334,0.9390862944162437,-0.2585605537680541,0.5361107366721606,-0.2385605537680541,0.5161107366721606,-0.7546712904402146,0,8,False,,9
2026-W14-TB@LAR,SRC0199,2026,14,2026-12-13,TB,LAR,0.747201929993593,0.25279807000640697,VEGAS_STALE_ADJUSTED,0.7357723577235773,2026-08-20T16:00:00Z,0.7357723577235773,1.3,3.62,2026-08-20T16:00:00Z,0,1,0,True,0.059634680733746205,0.011429572270015731,10.708333333333334,0.9390862944162437,-0.1543586486882728,-0.21793696428890877,-0.1343586486882728,-0.19793696428890878,0.06357831560063598,0,8,False,,9
2026-W14-WAS@BAL,SRC0205,2026,14,2026-12-13,WAS,BAL,0.2022468373461473,0.7977531626538528,VEGAS_STALE_ADJUSTED,0.21631205673758863,2026-08-20T16:00:00Z,0.21631205673758863,4.42,1.22,2026-08-20T16:00:00Z,0,1,0,True,-0.08502147380618263,-0.014065219391441341,10.708333333333334,0.9390862944162437,-0.0439789790270195,0.08677650423323421,-0.0239789790270195,0.06677650423323421,-0.0907554832602537,0,8,False,,9
2026-W15-BAL@CLE,SRC0223,2026,15,2026-12-20,BAL,CLE,0.5096804944330809,0.49031950556691906,VEGAS_STALE_ADJUSTED,0.5428571428571429,2026-08-20T16:00:00Z,0.5428571428571429,1.76,2.09,2026-08-20T16:00:00Z,0,1,0,True,-0.13312343982199032,-0.03317664842406198,10.708333333333334,0.9390862944162437,-0.1865838788001907,-0.0439789790270195,-0.1665838788001907,-0.0239789790270195,-0.1426048997731712,0,8,False,,9
2026-W15-BUF@LAR,SRC0209,2026,15,2026-12-20,BUF,LAR,0.7144912929097947,0.28550870709020526,VEGAS_STALE_ADJUSTED,0.7205882352941178,2026-08-20T16:00:00Z,0.7205882352941178,1.33,3.43,2026-08-20T16:00:00Z,0,1,0,True,-0.030083034238929097,-0.006096942384323012,10.708333333333334,0.9390862944162437,-0.1543586486882728,-0.12231461366559146,-0.1343586486882728,-0.10231461366559146,-0.03204403502268134,0,8,False,,9
2026-W15-CAR@ARI,SRC0220,2026,15,2026-12-20,CAR,ARI,0.7111936946117227,0.28880630538827734,VEGAS_STALE_ADJUSTED,0.6697459584295612,2026-08-20T16:00:00Z,0.6697459584295612,1.43,2.9,2026-08-20T16:00:00Z,0,1,0,True,0.19415228575351082,0.041447736182161465,10.708333333333334,0.9390862944162437,0.22940410170555423,-0.015108531318295065,0.20940410170555424,0.0,0.20940410170555424,0,8,False,,9
2026-W15-GB@TEN,SRC0219,2026,15,2026-12-20,GB,TEN,0.7169722560614036,0.2830277439385964,VEGAS_STALE_ADJUSTED,0.6025,2026-08-20T16:00:00Z,0.6025,1.59,2.41,2026-08-20T16:00:00Z,0,1,0,True,0.5135994861486916,0.11447225606140354,10.708333333333334,0.9390862944162437,0.5360845606451551,-0.1083399094322228,0.5160845606451551,-0.0883399094322228,0.6044244700773779,0,8,False,,9
2026-W15-HOU@TB,SRC0218,2026,15,2026-12-20,HOU,TB,0.3758575470478621,0.6241424529521379,VEGAS_STALE_ADJUSTED,0.41984732824427484,2026-08-20T16:00:00Z,0.41984732824427484,2.28,1.65,2026-08-20T16:00:00Z,0,1,0,True,-0.1837682698804753,-0.043989781196412725,10.708333333333334,0.9390862944162437,-0.21793696428890877,0.018829651225897998,-0.19793696428890878,0.0,-0.19793696428890878,0,8,False,,9
2026-W15-IND@CHI,SRC0217,2026,15,2026-12-20,IND,CHI,0.7248276146732036,0.27517238532679644,VEGAS_STALE_ADJUSTED,0.6301703163017031,2026-08-20T16:00:00Z,0.6301703163017031,1.52,2.59,2026-08-20T16:00:00Z,0,1,0,True,0.43558855585602807,0.0946572983715005,10.708333333333334,0.9390862944162437,-0.06805637871631257,-0.5651069142658605,-0.04805637871631256,-0.5451069142658604,0.49705053554954787,0,8,False,,9
2026-W15-JAX@KC,SRC0211,2026,15,2026-12-20,JAX,KC,0.6359269494498492,0.3640730505501508,VEGAS_STALE_ADJUSTED,0.7637051039697542,2026-08-20T16:00:00Z,0.7637051039697542,1.25,4.04,2026-08-20T16:00:00Z,0,1,0,True,-0.6153719790972734,-0.12777815451990504,10.708333333333334,0.9390862944162437,-0.6055777468793864,0.19848614028435493,-0.5855777468793864,0.17848614028435494,-0.7640638871637413,0,8,False,,9
2026-W15-LAC@NYG,SRC0212,2026,15,2026-12-20,LAC,NYG,0.6066188055337421,0.39338119446625786,VEGAS_STALE_ADJUSTED,0.6467780429594271,2026-08-20T16:00:00Z,0.6467780429594271,1.48,2.71,2026-08-20T16:00:00Z,0,1,0,True,-0.17178505303784314,-0.040159237425684946,10.708333333333334,0.9390862944162437,-0.20254278697818517,0.022217034914263897,-0.18254278697818518,0.002217034914263897,-0.18475982189244908,0,8,False,,9
2026-W15-LV@WAS,SRC0216,2026,15,2026-12-20,LV,WAS,0.9066535360649915,0.09334646393500845,VEGAS_STALE_ADJUSTED,0.9028414298808433,2026-08-20T16:00:00Z,0.9028414298808433,1.06,9.85,2026-08-20T16:00:00Z,0,1,0,True,0.04423985155190579,0.0038121061841482895,10.708333333333334,0.9390862944162437,0.08677650423323421,0.03963627089174013,0.06677650423323421,0.019636270891740127,0.04714023334149409,0,8,False,,9
2026-W15-MIA@DEN,SRC0210,2026,15,2026-12-20,MIA,DEN,0.5654973732237522,0.43450262677624785,VEGAS_STALE_ADJUSTED,0.5862944162436549,2026-08-20T16:00:00Z,0.5862944162436549,1.63,2.31,2026-08-20T16:00:00Z,0,1,0,True,-0.08516384942260827,-0.020797043019902706,10.708333333333334,0.9390862944162437,-0.11090819983630149,-0.006698203636439498,-0.09090819983630148,0.0,-0.09090819983630148,0,8,False,,9
2026-W15-MIN@SEA,SRC0222,2026,15,2026-12-20,MIN,SEA,0.6832579185520362,0.3167420814479638,VEGAS_PRESEASON,0.6832579185520362,2026-08-20T16:00:00Z,0.6832579185520362,1.4,3.02,2026-08-20T16:00:00Z,0,1,0,False,0.0,0.0,10.708333333333334,0.9390862944162437,0.006698203636439498,0.016571095026990647,0.0,0.0,0.0,0,8,False,,9
2026-W15-NE@CIN,SRC0208,2026,15,2026-12-20,NE,CIN,0.3683366364733918,0.6316633635266082,VEGAS_STALE_ADJUSTED,0.42091836734693877,2026-08-20T16:00:00Z,0.42091836734693877,2.27,1.65,2026-08-20T16:00:00Z,0,1,0,True,-0.22035476296385062,-0.05258173087354695,10.708333333333334,0.9390862944162437,-0.2585605537680541,0.01252888298115526,-0.2385605537680541,0.0,-0.2385605537680541,0,8,False,,9
2026-W15-NYJ@NO,SRC0221,2026,15,2026-12-20,NYJ,NO,0.7195548935174925,0.28044510648250753,VEGAS_STALE_ADJUSTED,0.731006160164271,2026-08-20T16:00:00Z,0.731006160164271,1.31,3.56,2026-08-20T16:00:00Z,0,1,0,True,-0.05747859725189661,-0.011451266646778535,10.708333333333334,0.9390862944162437,0.04932853688174785,0.1106030144479859,0.029328536881747847,0.0906030144479859,-0.06127447756623805,0,8,False,,9
2026-W15-PHI@DAL,SRC0214,2026,15,2026-12-20,PHI,DAL,0.7515411727730202,0.24845882722697976,VEGAS_STALE_ADJUSTED,0.6564705882352941,2026-08-20T16:00:00Z,0.6564705882352941,1.46,2.79,2026-08-20T16:00:00Z,0,1,0,True,0.4592436884289316,0.0950705845377261,10.708333333333334,0.9390862944162437,-0.11285816144656245,-0.6414064046233089,-0.09285816144656245,-0.6214064046233089,0.5285482431767464,0,8,False,,9
2026-W15-PIT@ATL,SRC0213,2026,15,2026-12-20,PIT,ATL,0.32419017909385317,0.6758098209061468,VEGAS_STALE_ADJUSTED,0.4271099744245524,2026-08-20T16:00:00Z,0.4271099744245524,2.24,1.67,2026-08-20T16:00:00Z,0,1,0,True,-0.44092915090023377,-0.10291979533069923,10.708333333333334,0.9390862944162437,0.032021162529484476,0.5361107366721606,0.012021162529484476,0.5161107366721606,-0.5040895741426761,0,8,False,,9
2026-W15-SF@DET,SRC0215,2026,15,2026-12-20,SF,DET,0.44758751957135073,0.5524124804286492,VEGAS_STALE_ADJUSTED,0.464935064935065,2026-08-20T16:00:00Z,0.464935064935065,2.06,1.79,2026-08-20T16:00:00Z,0,1,0,True,-0.06993255837763267,-0.017347545363714245,10.708333333333334,0.9390862944162437,0.09383946244627536,0.16842994223357544,0.07383946244627536,0.14842994223357545,-0.07459047978730009,0,8,False,,9
2026-W16-ARI@PIT,SRC0227,2026,16,2026-12-27,ARI,PIT,0.3592844579338611,0.6407155420661389,VEGAS_STALE_ADJUSTED,0.2975929978118162,2026-08-20T16:00:00Z,0.2975929978118162,3.21,1.36,2026-08-20T16:00:00Z,0,1,0,True,0.28031508776504344,0.061691460122044905,10.708333333333334,0.9390862944162437,0.5361107366721606,0.22940410170555423,0.5161107366721606,0.20940410170555424,0.30670663496660633,0,8,False,,9
2026-W16-BUF@TB,SRC0239,2026,16,2026-12-27,BUF,TB,0.4659121870255158,0.5340878129744842,VEGAS_STALE_ADJUSTED,0.48825065274151447,2026-08-20T16:00:00Z,0.48825065274151447,1.96,1.87,2026-08-20T16:00:00Z,0,1,0,True,-0.08955705032809548,-0.02233846571599868,10.708333333333334,0.9390862944162437,-0.21793696428890877,-0.12231461366559146,-0.19793696428890878,-0.10231461366559146,-0.09562235062331732,0,8,False,,9
2026-W16-CHI@BAL,SRC0224,2026,16,2026-12-27,CHI,BAL,0.33218484590835373,0.6678151540916463,VEGAS_STALE_ADJUSTED,0.32718894009216587,2026-08-20T16:00:00Z,0.32718894009216587,2.92,1.42,2026-08-20T16:00:00Z,0,1,0,True,0.022606903619501895,0.004995905816187862,10.708333333333334,0.9390862944162437,-0.0439789790270195,-0.06805637871631257,-0.0239789790270195,-0.04805637871631256,0.024077399689293063,0,8,False,,9
2026-W16-CLE@JAX,SRC0231,2026,16,2026-12-27,CLE,JAX,0.7329814784350336,0.2670185215649664,VEGAS_STALE_ADJUSTED,0.6674418604651163,2026-08-20T16:00:00Z,0.6674418604651163,1.43,2.87,2026-08-20T16:00:00Z,0,1,0,True,0.31316482275116425,0.06553961796991725,10.708333333333334,0.9390862944162437,0.19848614028435493,-0.1865838788001907,0.17848614028435494,-0.1665838788001907,0.34507001908454565,0,8,False,,9
2026-W16-DAL@NYG,SRC0230,2026,16,2026-12-27,DAL,NYG,0.5347241425557893,0.46527585744421074,VEGAS_STALE_ADJUSTED,0.5555555555555556,2026-08-20T16:00:00Z,0.5555555555555556,1.72,2.15,2026-08-20T16:00:00Z,0,1,0,True,-0.08402303029217471,-0.02083141299976632,10.708333333333334,0.9390862944162437,-0.20254278697818517,-0.11285816144656245,-0.18254278697818518,-0.09285816144656245,-0.08968462553162274,0,8,False,,9
2026-W16-DEN@SEA,SRC0238,2026,16,2026-12-27,DEN,SEA,0.7999426619944497,0.20005733800555026,VEGAS_STALE_ADJUSTED,0.7859649122807019,2026-08-20T16:00:00Z,0.7859649122807019,1.22,4.48,2026-08-20T16:00:00Z,0,1,0,True,0.08516384942260827,0.013977749713747878,10.708333333333334,0.9390862944162437,0.006698203636439498,-0.11090819983630149,0.0,-0.09090819983630148,0.09090819983630148,0,8,False,,9
2026-W16-DET@LAC,SRC0228,2026,16,2026-12-27,DET,LAC,0.7541157591675685,0.24588424083243154,VEGAS_STALE_ADJUSTED,0.7663551401869159,2026-08-20T16:00:00Z,0.7663551401869159,1.25,4.1,2026-08-20T16:00:00Z,0,1,0,True,-0.06715839888442805,-0.012239381019347406,10.708333333333334,0.9390862944162437,0.022217034914263897,0.09383946244627536,0.002217034914263897,0.07383946244627536,-0.07162242753201147,0,8,False,,9
2026-W16-IND@HOU,SRC0234,2026,16,2026-12-27,IND,HOU,0.6759354781416231,0.32406452185837686,VEGAS_STALE_ADJUSTED,0.5655526992287918,2026-08-20T16:00:00Z,0.5655526992287918,1.69,2.2,2026-08-20T16:00:00Z,0,1,0,True,0.4714261560178194,0.11038277891283133,10.708333333333334,0.9390862944162437,0.018829651225897998,-0.5651069142658605,0.0,-0.5451069142658604,0.5451069142658604,0,8,False,,9
2026-W16-LV@TEN,SRC0225,2026,16,2026-12-27,LV,TEN,0.8891845278277856,0.11081547217221444,VEGAS_STALE_ADJUSTED,0.8385269121813032,2026-08-20T16:00:00Z,0.8385269121813032,1.14,5.92,2026-08-20T16:00:00Z,0,1,0,True,0.43513019023764005,0.05065761564648241,10.708333333333334,0.9390862944162437,0.5360845606451551,0.03963627089174013,0.5160845606451551,0.019636270891740127,0.49644828975341493,0,8,False,,9
2026-W16-MIA@NE,SRC0232,2026,16,2026-12-27,MIA,NE,0.5790816326530612,0.42091836734693877,VEGAS_PRESEASON,0.5790816326530612,2026-08-20T16:00:00Z,0.5790816326530612,1.65,2.27,2026-08-20T16:00:00Z,0,1,0,False,0.0,0.0,10.708333333333334,0.9390862944162437,0.01252888298115526,-0.006698203636439498,0.0,0.0,0.0,0,8,False,,8
2026-W16-MIN@LAR,SRC0233,2026,16,2026-12-27,MIN,LAR,0.6469454179402169,0.35305458205978313,VEGAS_STALE_ADJUSTED,0.6750572082379863,2026-08-20T16:00:00Z,0.6750572082379863,1.42,2.95,2026-08-20T16:00:00Z,0,1,0,True,-0.12550903793710536,-0.028111790297769446,10.708333333333334,0.9390862944162437,-0.1543586486882728,0.016571095026990647,-0.1343586486882728,0.0,-0.1343586486882728,0,8,False,,9
2026-W16-NO@CIN,SRC0237,2026,16,2026-12-27,NO,CIN,0.1943532233877738,0.8056467766122262,VEGAS_STALE_ADJUSTED,0.2358490566037736,2026-08-20T16:00:00Z,0.2358490566037736,4.05,1.25,2026-08-20T16:00:00Z,0,1,0,True,-0.24639483159018952,-0.04149583321599978,10.708333333333334,0.9390862944162437,-0.2585605537680541,0.04932853688174785,-0.2385605537680541,0.029328536881747847,-0.26788909064980193,0,8,False,,9
2026-W16-NYJ@CAR,SRC0235,2026,16,2026-12-27,NYJ,CAR,0.756777720025662,0.24322227997433798,VEGAS_STALE_ADJUSTED,0.7720588235294118,2026-08-20T16:00:00Z,0.7720588235294118,1.24,4.2,2026-08-20T16:00:00Z,0,1,0,True,-0.08487932571295738,-0.015281103503749782,10.708333333333334,0.9390862944162437,-0.015108531318295065,0.1106030144479859,0.0,0.0906030144479859,-0.0906030144479859,0,8,False,,9
2026-W16-PHI@GB,SRC0226,2026,16,2026-12-27,PHI,GB,0.7914611777050231,0.2085388222949769,VEGAS_STALE_ADJUSTED,0.7049891540130152,2026-08-20T16:00:00Z,0.7049891540130152,1.36,3.25,2026-08-20T16:00:00Z,0,1,0,True,0.4625853105463467,0.0864720236920079,10.708333333333334,0.9390862944162437,-0.1083399094322228,-0.6414064046233089,-0.0883399094322228,-0.6214064046233089,0.5330664951910861,0,8,False,,9
2026-W16-SF@KC,SRC0236,2026,16,2026-12-27,SF,KC,0.6993893229171447,0.30061067708285527,VEGAS_STALE_ADJUSTED,0.8087520259319286,2026-08-20T16:00:00Z,0.8087520259319286,1.18,4.99,2026-08-20T16:00:00Z,0,1,0,True,-0.597529908759598,-0.1093627030147839,10.708333333333334,0.9390862944162437,-0.6055777468793864,0.16842994223357544,-0.5855777468793864,0.14842994223357545,-0.7340076891129618,0,8,False,,9
2026-W16-WAS@ATL,SRC0229,2026,16,2026-12-27,WAS,ATL,0.13322706155431457,0.8667729384456855,VEGAS_STALE_ADJUSTED,0.13927227101631115,2026-08-20T16:00:00Z,0.13927227101631115,6.86,1.11,2026-08-20T16:00:00Z,0,1,0,True,-0.05137472040072793,-0.006045209461996576,10.708333333333334,0.9390862944162437,0.032021162529484476,0.08677650423323421,0.012021162529484476,0.06677650423323421,-0.05475534170374974,0,8,False,,9
2026-W17-ATL@MIA,SRC0251,2026,17,2027-01-03,ATL,MIA,0.6223505639861299,0.37764943601387013,VEGAS_STALE_ADJUSTED,0.625,2026-08-20T16:00:00Z,0.625,1.53,2.55,2026-08-20T16:00:00Z,0,1,0,True,-0.011288429447990021,-0.0026494360138701323,10.708333333333334,0.9390862944162437,-0.006698203636439498,0.032021162529484476,0.0,0.012021162529484476,-0.012021162529484476,0,8,False,,9
2026-W17-CIN@HOU,SRC0247,2026,17,2027-01-03,CIN,HOU,0.8232096583636361,0.17679034163636387,VEGAS_STALE_ADJUSTED,0.7888307155322862,2026-08-20T16:00:00Z,0.7888307155322862,1.21,4.52,2026-08-20T16:00:00Z,0,1,0,True,0.22035476296385062,0.0343789428313499,10.708333333333334,0.9390862944162437,0.018829651225897998,-0.2585605537680541,0.0,-0.2385605537680541,0.2385605537680541,0,8,False,,9
2026-W17-CLE@JAX,SRC0241,2026,17,2027-01-03,CLE,JAX,0.6928647239266085,0.3071352760733915,VEGAS_STALE_ADJUSTED,0.6225490196078431,2026-08-20T16:00:00Z,0.6225490196078431,1.54,2.54,2026-08-20T16:00:00Z,0,1,0,True,0.31316482275116425,0.07031570431876533,10.708333333333334,0.9390862944162437,0.19848614028435493,-0.1865838788001907,0.17848614028435494,-0.1665838788001907,0.34507001908454565,0,8,False,,9
2026-W17-DAL@ARI,SRC0246,2026,17,2027-01-03,DAL,ARI,0.8015256601276546,0.19847433987234542,VEGAS_STALE_ADJUSTED,0.7538759689922482,2026-08-20T16:00:00Z,0.7538759689922482,1.27,3.89,2026-08-20T16:00:00Z,0,1,0,True,0.2764649079018452,0.0476496911354064,10.708333333333334,0.9390862944162437,0.22940410170555423,-0.11285816144656245,0.20940410170555424,-0.09285816144656245,0.3022622631521167,0,8,False,,9
2026-W17-DEN@CHI,SRC0242,2026,17,2027-01-03,DEN,CHI,0.7291891149060235,0.27081088509397655,VEGAS_STALE_ADJUSTED,0.721174004192872,2026-08-20T16:00:00Z,0.721174004192872,1.33,3.44,2026-08-20T16:00:00Z,0,1,0,True,0.040219849801255134,0.008015110713151419,10.708333333333334,0.9390862944162437,-0.06805637871631257,-0.11090819983630149,-0.04805637871631256,-0.09090819983630148,0.04285182111998892,0,8,False,,9
2026-W17-DET@BAL,SRC0255,2026,17,2027-01-03,DET,BAL,0.753319322226665,0.24668067777333502,VEGAS_STALE_ADJUSTED,0.7699443413729128,2026-08-20T16:00:00Z,0.7699443413729128,1.24,4.15,2026-08-20T16:00:00Z,0,1,0,True,-0.09160244771529753,-0.01662501914624781,10.708333333333334,0.9390862944162437,-0.0439789790270195,0.09383946244627536,-0.0239789790270195,0.07383946244627536,-0.09781844147329485,0,8,False,,9
2026-W17-GB@CAR,SRC0248,2026,17,2027-01-03,GB,CAR,0.5128353825405202,0.4871646174594798,VEGAS_STALE_ADJUSTED,0.4921465968586388,2026-08-20T16:00:00Z,0.4921465968586388,1.94,1.88,2026-08-20T16:00:00Z,0,1,0,True,0.0827690086772335,0.020688785681881372,10.708333333333334,0.9390862944162437,-0.015108531318295065,-0.1083399094322228,0.0,-0.0883399094322228,0.0883399094322228,0,8,False,,9
2026-W17-KC@TB,SRC0245,2026,17,2027-01-03,KC,TB,0.41643600436522504,0.5835639956347749,VEGAS_STALE_ADJUSTED,0.33488372093023255,2026-08-20T16:00:00Z,0.33488372093023255,2.86,1.44,2026-08-20T16:00:00Z,0,1,0,True,0.34875718888205415,0.08155228343499249,10.708333333333334,0.9390862944162437,-0.21793696428890877,-0.6055777468793864,-0.19793696428890878,-0.5855777468793864,0.3876407825904776,0,8,False,,9
2026-W17-MIN@LAC,SRC0253,2026,17,2027-01-03,MIN,LAC,0.4692684963830269,0.5307315036169731,VEGAS_STALE_ADJUSTED,0.46874999999999994,2026-08-20T16:00:00Z,0.46874999999999994,2.04,1.8,2026-08-20T16:00:00Z,0,1,0,True,0.0020819840939901857,0.0005184963830269784,10.708333333333334,0.9390862944162437,0.022217034914263897,0.016571095026990647,0.002217034914263897,0.0,0.002217034914263897,0,8,False,,9
2026-W17-NE@PIT,SRC0250,2026,17,2027-01-03,NE,PIT,0.7166721269856031,0.2833278730143969,VEGAS_STALE_ADJUSTED,0.6172839506172839,2026-08-20T16:00:00Z,0.6172839506172839,1.55,2.5,2026-08-20T16:00:00Z,0,1,0,True,0.44997786161459574,0.0993881763683192,10.708333333333334,0.9390862944162437,0.5361107366721606,0.01252888298115526,0.5161107366721606,0.0,0.5161107366721606,0,8,False,,9
2026-W17-NYJ@BUF,SRC0244,2026,17,2027-01-03,NYJ,BUF,0.5919070680310057,0.4080929319689943,VEGAS_STALE_ADJUSTED,0.6343825665859565,2026-08-20T16:00:00Z,0.6343825665859565,1.51,2.62,2026-08-20T16:00:00Z,0,1,0,True,-0.1792099469634351,-0.04247549855495081,10.708333333333334,0.9390862944162437,-0.12231461366559146,0.1106030144479859,-0.10231461366559146,0.0906030144479859,-0.19291762811357735,0,8,False,,9
2026-W17-PHI@LV,SRC0243,2026,17,2027-01-03,PHI,LV,0.5498969473252047,0.45010305267479533,VEGAS_STALE_ADJUSTED,0.41624365482233505,2026-08-20T16:00:00Z,0.41624365482233505,2.3,1.64,2026-08-20T16:00:00Z,0,1,0,True,0.5384672107797189,0.13365329250286961,10.708333333333334,0.9390862944162437,0.03963627089174013,-0.6414064046233089,0.019636270891740127,-0.6214064046233089,0.641042675515049,0,8,False,,9
2026-W17-SEA@NO,SRC0249,2026,17,2027-01-03,SEA,NO,0.5770665737516354,0.4229334262483646,VEGAS_STALE_ADJUSTED,0.5703324808184143,2026-08-20T16:00:00Z,0.5703324808184143,1.68,2.23,2026-08-20T16:00:00Z,0,1,0,True,0.027535065010174872,0.006734092933221136,10.708333333333334,0.9390862944162437,0.04932853688174785,0.006698203636439498,0.029328536881747847,0.0,0.029328536881747847,0,8,False,,9
2026-W17-SF@NYG,SRC0240,2026,17,2027-01-03,SF,NYG,0.6380505724800554,0.36194942751994463,VEGAS_STALE_ADJUSTED,0.7043478260869566,2026-08-20T16:00:00Z,0.7043478260869566,1.36,3.24,2026-08-20T16:00:00Z,0,1,0,True,-0.3011755817256707,-0.0662972536069012,10.708333333333334,0.9390862944162437,-0.20254278697818517,0.16842994223357544,-0.18254278697818518,0.14842994223357545,-0.33097272921176063,0,8,False,,9
2026-W17-TEN@LAR,SRC0254,2026,17,2027-01-03,TEN,LAR,0.4078512312491052,0.5921487687508948,VEGAS_STALE_ADJUSTED,0.5428571428571429,2026-08-20T16:00:00Z,0.5428571428571429,1.76,2.09,2026-08-20T16:00:00Z,0,1,0,True,-0.5447056801868413,-0.1350059116080377,10.708333333333334,0.9390862944162437,-0.1543586486882728,0.5360845606451551,-0.1343586486882728,0.5160845606451551,-0.6504432093334278,0,8,False,,9
2026-W17-WAS@IND,SRC0252,2026,17,2027-01-03,WAS,IND,0.2186142142995622,0.7813857857004378,VEGAS_STALE_ADJUSTED,0.31972789115646255,2026-08-20T16:00:00Z,0.31972789115646255,3.0,1.41,2026-08-20T16:00:00Z,0,1,0,True,-0.5187378094950306,-0.10111367685690034,10.708333333333334,0.9390862944162437,-0.5651069142658605,0.08677650423323421,-0.5451069142658604,0.06677650423323421,-0.6118834184990947,0,8,False,,9
2026-W18-ARI@GB,SRC0266,2026,18,2027-01-10,ARI,GB,0.4490201679513418,0.5509798320486582,VEGAS_STALE_ADJUSTED,0.5169712793733681,2026-08-20T16:00:00Z,0.5169712793733681,1.85,1.98,2026-08-20T16:00:00Z,0,1,0,True,-0.2725416074269339,-0.06795111142202626,10.708333333333334,0.9390862944162437,-0.1083399094322228,0.22940410170555423,-0.0883399094322228,0.20940410170555424,-0.29774401113777704,0,8,False,,9
2026-W18-BAL@LV,SRC0263,2026,18,2027-01-10,BAL,LV,0.4298496601407709,0.5701503398592291,VEGAS_STALE_ADJUSTED,0.41984732824427484,2026-08-20T16:00:00Z,0.41984732824427484,2.28,1.65,2026-08-20T16:00:00Z,0,1,0,True,0.04093559483730725,0.010002331896496075,10.708333333333334,0.9390862944162437,0.03963627089174013,-0.0439789790270195,0.019636270891740127,-0.0239789790270195,0.043615249918759626,0,8,False,,9
2026-W18-BUF@MIN,SRC0269,2026,18,2027-01-10,BUF,MIN,0.6438753989231041,0.3561246010768959,VEGAS_STALE_ADJUSTED,0.6216216216216216,2026-08-20T16:00:00Z,0.6216216216216216,1.54,2.53,2026-08-20T16:00:00Z,0,1,0,True,0.09578766849748879,0.02225377730148248,10.708333333333334,0.9390862944162437,0.016571095026990647,-0.12231461366559146,0.0,-0.10231461366559146,0.10231461366559146,0,8,False,,9
2026-W18-CHI@NYG,SRC0259,2026,18,2027-01-10,CHI,NYG,0.41002526830957436,0.5899747316904256,VEGAS_STALE_ADJUSTED,0.44072164948453607,2026-08-20T16:00:00Z,0.44072164948453607,2.17,1.71,2026-08-20T16:00:00Z,0,1,0,True,-0.12562712347883562,-0.030696381174961707,10.708333333333334,0.9390862944162437,-0.20254278697818517,-0.06805637871631257,-0.18254278697818518,-0.04805637871631256,-0.13448640826187264,0,8,False,,9
2026-W18-CLE@CAR,SRC0262,2026,18,2027-01-10,CLE,CAR,0.8057960411691611,0.19420395883083885,VEGAS_STALE_ADJUSTED,0.7803571428571429,2026-08-20T16:00:00Z,0.7803571428571429,1.23,4.37,2026-08-20T16:00:00Z,0,1,0,True,0.15517287912395294,0.025438898312018288,10.708333333333334,0.9390862944162437,-0.015108531318295065,-0.1865838788001907,0.0,-0.1665838788001907,0.1665838788001907,0,8,False,,9
2026-W18-DEN@TB,SRC0257,2026,18,2027-01-10,DEN,TB,0.570099049901211,0.42990095009878904,VEGAS_STALE_ADJUSTED,0.5944584382871536,2026-08-20T16:00:00Z,0.5944584382871536,1.61,2.36,2026-08-20T16:00:00Z,0,1,0,True,-0.10017215609842892,-0.02435938838594265,10.708333333333334,0.9390862944162437,-0.21793696428890877,-0.11090819983630149,-0.19793696428890878,-0.09090819983630148,-0.1070287644526073,0,8,False,,9
2026-W18-HOU@DET,SRC0271,2026,18,2027-01-10,HOU,DET,0.2591940791826216,0.7408059208173784,VEGAS_STALE_ADJUSTED,0.24612403100775196,2026-08-20T16:00:00Z,0.24612403100775196,3.89,1.27,2026-08-20T16:00:00Z,0,1,0,True,0.06923070295334459,0.013070048174869647,10.708333333333334,0.9390862944162437,0.09383946244627536,0.018829651225897998,0.07383946244627536,0.0,0.07383946244627536,0,8,False,,9
2026-W18-JAX@DAL,SRC0267,2026,18,2027-01-10,JAX,DAL,0.6157355558429345,0.3842644441570655,VEGAS_STALE_ADJUSTED,0.6728110599078342,2026-08-20T16:00:00Z,0.6728110599078342,1.42,2.92,2026-08-20T16:00:00Z,0,1,0,True,-0.24944013800022302,-0.057075504064899696,10.708333333333334,0.9390862944162437,-0.11285816144656245,0.19848614028435493,-0.09285816144656245,0.17848614028435494,-0.2713443017309174,0,8,False,,9
2026-W18-LAR@KC,SRC0260,2026,18,2027-01-10,LAR,KC,0.4354667554971057,0.5645332445028943,VEGAS_STALE_ADJUSTED,0.5350649350649351,2026-08-20T16:00:00Z,0.5350649350649351,1.79,2.06,2026-08-20T16:00:00Z,0,1,0,True,-0.40007117977218554,-0.09959817956782946,10.708333333333334,0.9390862944162437,-0.6055777468793864,-0.1543586486882728,-0.5855777468793864,-0.1343586486882728,-0.45121909819111355,0,8,False,,9
2026-W18-MIA@LAC,SRC0264,2026,18,2027-01-10,MIA,LAC,0.6372852678725162,0.36271473212748384,VEGAS_STALE_ADJUSTED,0.6368038740920097,2026-08-20T16:00:00Z,0.6368038740920097,1.5,2.63,2026-08-20T16:00:00Z,0,1,0,True,0.0020819840939901857,0.0004813937805064894,10.708333333333334,0.9390862944162437,0.022217034914263897,-0.006698203636439498,0.002217034914263897,0.0,0.002217034914263897,0,8,False,,9
2026-W18-NO@CIN,SRC0270,2026,18,2027-01-10,NO,CIN,0.18066438250298023,0.8193356174970198,VEGAS_STALE_ADJUSTED,0.22003577817531306,2026-08-20T16:00:00Z,0.22003577817531306,4.36,1.23,2026-08-20T16:00:00Z,0,1,0,True,-0.24639483159018952,-0.03937139567233283,10.708333333333334,0.9390862944162437,-0.2585605537680541,0.04932853688174785,-0.2385605537680541,0.029328536881747847,-0.26788909064980193,0,8,False,,9
2026-W18-NYJ@NE,SRC0261,2026,18,2027-01-10,NYJ,NE,0.6313042627068786,0.36869573729312144,VEGAS_STALE_ADJUSTED,0.6508313539192399,2026-08-20T16:00:00Z,0.6508313539192399,1.47,2.74,2026-08-20T16:00:00Z,0,1,0,True,-0.08487932571295738,-0.01952709121236129,10.708333333333334,0.9390862944162437,0.01252888298115526,0.1106030144479859,0.0,0.0906030144479859,-0.0906030144479859,0,8,False,,9
2026-W18-PHI@ATL,SRC0256,2026,18,2027-01-10,PHI,ATL,0.568452653710521,0.431547346289479,VEGAS_STALE_ADJUSTED,0.4358974358974359,2026-08-20T16:00:00Z,0.4358974358974359,2.2,1.7,2026-08-20T16:00:00Z,0,1,0,True,0.5333699068005265,0.1325552178130851,10.708333333333334,0.9390862944162437,0.032021162529484476,-0.6414064046233089,0.012021162529484476,-0.6214064046233089,0.6334275671527934,0,8,False,,9
2026-W18-PIT@IND,SRC0258,2026,18,2027-01-10,PIT,IND,0.5013289656267703,0.4986710343732297,VEGAS_STALE_ADJUSTED,0.6825396825396824,2026-08-20T16:00:00Z,0.6825396825396824,1.4,3.01,2026-08-20T16:00:00Z,0,1,0,True,-0.7601519671142918,-0.18121071691291213,10.708333333333334,0.9390862944162437,-0.5651069142658605,0.5361107366721606,-0.5451069142658604,0.5161107366721606,-1.061217650938021,0,8,False,,9
2026-W18-SEA@WAS,SRC0265,2026,18,2027-01-10,SEA,WAS,0.7671431182636823,0.2328568817363177,VEGAS_STALE_ADJUSTED,0.7557692307692307,2026-08-20T16:00:00Z,0.7557692307692307,1.27,3.93,2026-08-20T16:00:00Z,0,1,0,True,0.06262683005074428,0.011373887494451562,10.708333333333334,0.9390862944162437,0.08677650423323421,0.006698203636439498,0.06677650423323421,0.0,0.06677650423323421,0,8,False,,9
2026-W18-TEN@SF,SRC0268,2026,18,2027-01-10,TEN,SF,0.2191269829061782,0.7808730170938218,VEGAS_STALE_ADJUSTED,0.28118393234672306,2026-08-20T16:00:00Z,0.28118393234672306,3.4,1.33,2026-08-20T16:00:00Z,0,1,0,True,-0.3321646646817697,-0.06205694944054485,10.708333333333334,0.9390862944162437,0.16842994223357544,0.5360845606451551,0.14842994223357545,0.5160845606451551,-0.36765461841157965,0,8,False,,9
