Team,Week 1,Week 2,Week 3,Week 4,Week 5,Week 6,Week 7,Week 8,Week 9,Week 10,Week 11,Week 12,Week 13,Week 14,Week 15,Week 16,Week 17,Week 18
ARI,0.832849,0.550388,0.822086,0.888314,0.809677,0.598997,0.65566,0.803306,,0.870841,0.767769,0.825746,0.849998,0.870705,0.71572,0.64428,0.794173,0.540983
ATL,0.246124,0.536458,0.286938,0.246124,0.295011,0.263692,0.556701,0.439589,0.616337,,0.65499,0.380418,0.40661,0.24572,0.333159,0.139898,0.381645,0.567634
BAL,0.614815,0.457143,0.443299,0.394015,0.617284,0.58481,0.668981,0.48564,0.587342,0.48461,0.458716,,0.257267,0.208279,0.491973,0.337559,0.75414,0.571113
BUF,0.593434,0.511749,0.556701,0.458549,0.498695,0.48564,,0.552972,0.412658,0.461944,0.232231,0.70632,0.323752,0.602066,0.274894,0.523246,0.600086,0.346415
CAR,0.784452,0.38806,0.544041,0.63017,0.493473,,0.34434,0.658824,0.549223,0.494417,0.443372,0.624452,0.644475,0.24045,0.28428,0.756139,0.496337,0.801228
CHI,0.605,0.674312,0.713062,0.605985,0.703704,0.668213,0.610422,0.455959,0.734694,0.623681,,0.274627,0.583106,0.724692,0.724404,0.662441,0.721369,0.593794
CIN,0.385185,0.206838,0.075073,0.309577,0.321918,0.244701,0.443299,0.268443,0.308036,,0.34501,0.243164,0.258729,0.246498,0.375993,0.202206,0.18161,0.188093
CLE,0.215548,0.447028,0.367397,0.53125,0.213287,0.41519,0.21366,0.447028,0.383663,,0.444815,0.174254,0.093393,0.275308,0.508027,0.273399,0.314064,0.198772
DAL,0.493473,0.793162,0.48564,0.36983,0.580153,0.51436,0.37931,0.256972,,0.675982,0.637276,0.591573,0.344833,0.319493,0.753216,0.483899,0.205827,0.633151
DEN,0.398496,0.488251,0.290323,0.473958,0.393035,0.589873,0.390547,0.341176,0.546632,0.185783,0.313132,0.390204,0.303016,,0.568572,0.198975,0.278631,0.42244
DET,0.48564,0.190939,0.458549,0.111686,,0.082605,0.076246,0.262626,0.298246,0.308727,0.153848,0.29368,0.360205,0.33847,0.447495,0.244983,0.24586,0.257864
GB,0.3975,0.449612,0.455959,0.471354,0.719409,0.628362,0.78634,0.245648,0.752918,0.233746,0.799138,0.522243,0.696984,,0.282021,0.79221,0.503663,0.459017
HOU,0.753876,0.617284,0.709677,0.6025,0.506527,0.605,0.389578,,0.229205,0.535705,0.541284,0.375548,0.676248,0.561231,0.614197,0.679973,0.81839,0.742136
IND,0.552972,0.668213,0.632603,0.690423,0.382716,0.395,,0.349169,0.265306,0.691273,0.391777,0.430464,0.54282,0.321765,0.275596,0.320027,0.220585,0.502218
JAX,0.215929,0.375921,0.214789,0.625917,,0.371638,0.609453,0.731557,0.413706,0.338843,0.536989,0.609796,0.513504,0.397934,0.359442,0.726601,0.685936,0.366849
KC,0.6025,0.30735,0.51436,0.412658,0.501305,0.305987,0.440722,0.737374,0.325688,,0.686868,0.619582,0.416894,0.75428,0.640558,0.698515,0.571721,0.422385
LAC,0.520833,0.552972,0.368932,0.526042,0.704989,0.668981,0.503916,0.196694,0.701754,0.51539,,0.430086,0.741271,0.461114,0.402771,0.755017,0.458109,0.636804
LAR,0.63017,0.61194,0.631068,0.764595,0.686937,0.694013,0.783688,,0.450777,0.505583,0.702403,0.805005,0.655167,0.748877,0.725106,0.649067,0.410955,0.577615
LV,0.167151,0.331787,0.503916,0.167638,0.678082,0.195724,,0.370732,0.691964,0.423214,0.297597,0.436064,0.150002,0.578375,0.096193,0.107668,0.544884,0.428887
MIA,0.51436,0.463542,0.541451,0.301099,0.296296,0.331019,0.240458,,0.256461,0.392663,0.555185,0.16278,0.45718,0.542694,0.431428,0.420918,0.618355,0.363196
MIN,0.395,0.665116,0.438144,0.587342,0.419847,0.736308,0.496084,0.718816,0.755769,0.661157,,0.477757,0.59339,0.66153,0.321824,0.350933,0.541891,0.653585
NE,0.349169,0.25098,0.177914,0.374083,0.313063,0.410127,0.216312,0.51436,0.453368,0.129159,0.579893,0.194995,,0.421625,0.624007,0.579082,0.288685,0.639439
NO,0.36983,0.639423,0.707158,0.753876,0.378378,,0.759542,0.544041,0.743539,0.498888,0.608223,0.569536,0.20424,0.538886,0.723065,0.797794,0.567961,0.811907
NYG,0.479167,0.325688,0.709677,0.541451,0.190323,0.755299,0.559278,,0.586294,0.464295,0.463011,0.569914,0.526251,0.678235,0.597229,0.516101,0.630506,0.406206
NYJ,0.406566,0.360577,0.292842,0.114772,0.280591,0.439589,0.331019,0.281184,,0.324018,0.200862,0.408427,0.639795,0.129295,0.276935,0.243861,0.399914,0.360561
PHI,0.650831,0.624079,0.375,0.46875,0.16309,,0.155433,0.560411,0.244231,0.538056,0.420107,0.563936,0.355525,0.457306,0.246784,0.20779,0.455116,0.432366
PIT,0.506527,0.542857,0.625,0.698901,0.786713,0.401003,0.62069,0.704348,,0.576786,0.548626,0.756836,0.486496,0.753502,0.666841,0.35572,0.711315,0.497782
SEA,0.447028,0.74902,0.561856,0.528646,0.621622,0.804276,0.638554,0.650831,0.674312,0.501112,0.846152,,0.742733,0.680507,0.678176,0.801025,0.432039,0.243564
SF,0.14433,0.382716,0.290323,0.3975,0.226691,0.560411,0.361446,0.295652,0.209705,0.607337,0.362724,0.571882,,0.438769,0.552505,0.301485,0.369494,0.213067
TB,0.601504,0.334884,0.496084,0.235405,0.606965,0.331787,,0.629268,0.247082,0.376319,0.451374,0.428118,0.473749,0.251123,0.385803,0.476754,0.428279,0.57756
TEN,0.784071,0.809061,0.924927,0.885228,0.773309,,0.923754,0.754352,0.770795,0.766254,0.556628,0.725373,0.79576,0.75955,0.717979,0.892332,0.589045,0.786933
WAS,0.85567,0.69265,0.785211,0.832362,0.83691,0.917395,0.844567,0.743028,0.790295,0.814217,,0.83722,0.906607,0.791721,0.903807,0.860102,0.779415,0.756436
