Team,CurrentRating,RatingSD,WinTotal,WinTotalRating,BaselineRating,ChangeSinceBaseline,CurrentSpreadEquivPoints
WAS,1.4015,0.1007,13.5,1.24,1.2753,0.1262,9.6655
TEN,1.2346,0.1049,11.5,0.6201,0.659,0.5755,8.5144
ARI,1.1824,0.1143,12.5,0.9582,0.9135,0.2689,8.1545
CHI,0.5541,0.1017,10.5,0.6151,0.5827,-0.0286,3.8214
SEA,0.5081,0.1028,10.0,0.4071,0.4619,0.0462,3.5041
LAR,0.4911,0.119,11.0,0.5899,0.606,-0.1149,3.3872
CAR,0.4756,0.1154,10.0,0.4922,0.4513,0.0244,3.2801
GB,0.4616,0.1038,9.5,0.4974,0.5305,-0.0689,3.1835
PIT,0.4036,0.1142,9.0,-0.1028,-0.172,0.5756,2.7835
NO,0.3773,0.1049,10.0,0.2296,0.2885,0.0888,2.6019
HOU,0.3296,0.106,10.0,0.292,0.2713,0.0583,2.2734
MIN,0.1122,0.1008,9.0,0.0616,0.0561,0.056,0.7735
DAL,0.0799,0.1164,8.5,0.1416,0.1533,-0.0734,0.5511
KC,0.0221,0.1117,10.5,0.5586,0.5882,-0.5661,0.1523
NYG,0.0084,0.1051,9.5,0.1972,0.1715,-0.1631,0.058
LAC,-0.0926,0.1003,9.0,-0.1751,-0.1543,0.0617,-0.6386
BAL,-0.1335,0.1006,8.5,-0.0833,-0.129,-0.0045,-0.921
JAX,-0.1512,0.1013,7.0,-0.4641,-0.3892,0.2379,-1.0429
BUF,-0.2142,0.1022,9.0,-0.0339,-0.1314,-0.0829,-1.4776
SF,-0.2393,0.1012,6.0,-0.4661,-0.4472,0.2079,-1.6501
IND,-0.2731,0.1022,9.5,0.2404,0.2525,-0.5256,-1.8835
TB,-0.3928,0.1027,8.0,-0.1855,-0.2143,-0.1785,-2.7087
NE,-0.4038,0.1027,6.5,-0.4395,-0.4557,0.052,-2.7845
DEN,-0.4453,0.1013,7.0,-0.3508,-0.3739,-0.0714,-3.071
NYJ,-0.5192,0.1161,5.0,-0.7323,-0.6693,0.1501,-3.5807
MIA,-0.5234,0.1078,6.5,-0.5779,-0.5562,0.0328,-3.6098
LV,-0.5265,0.105,5.5,-0.7064,-0.6056,0.0791,-3.6308
ATL,-0.5745,0.1147,6.0,-0.6364,-0.646,0.0715,-3.9624
PHI,-0.6244,0.1015,9.0,-0.024,-0.0224,-0.6019,-4.3062
CLE,-0.6646,0.1148,6.0,-0.5081,-0.5175,-0.1471,-4.5838
DET,-0.8042,0.1004,4.5,-0.9141,-0.9375,0.1333,-5.5462
CIN,-1.0595,0.1125,6.0,-0.7407,-0.8404,-0.2191,-7.3067
