Team,S0 2026-08-20,S1 2026-09-15,S2 2026-09-22,S3 2026-09-29,S4 2026-10-06,S5 2026-10-13,S6 2026-10-20,S7 2026-10-27,S8 2026-11-03
ARI,0.9135,0.9398,1.1453,1.2648,1.2411,1.1805,1.2325,1.1692,1.1824
ATL,-0.646,-0.6109,-0.5869,-0.6109,-0.6662,-0.612,-0.5897,-0.5544,-0.5745
BAL,-0.129,-0.1095,-0.1172,-0.1051,-0.0698,-0.1299,-0.1094,-0.1347,-0.1335
BUF,-0.1314,-0.119,-0.1231,-0.1277,-0.1501,-0.1432,-0.1767,-0.2138,-0.2142
CAR,0.4513,0.4191,0.4858,0.4717,0.5202,0.4559,0.3843,0.4308,0.4756
CHI,0.5827,0.5941,0.6259,0.6184,0.6643,0.6661,0.6143,0.5268,0.5541
CIN,-0.8404,-0.9367,-0.8927,-0.8729,-0.9448,-0.9376,-1.0283,-1.0231,-1.0595
CLE,-0.5175,-0.5775,-0.479,-0.5886,-0.6899,-0.6654,-0.5985,-0.6743,-0.6646
DAL,0.1533,0.1593,0.2413,0.2074,0.2442,0.2114,0.1575,0.1164,0.0799
DEN,-0.3739,-0.396,-0.4555,-0.4398,-0.453,-0.4368,-0.3843,-0.4308,-0.4453
DET,-0.9375,-0.9875,-0.9829,-0.9967,-0.9687,-0.9338,-0.894,-0.8092,-0.8042
GB,0.5305,0.5319,0.5678,0.58,0.5231,0.4995,0.5304,0.492,0.4616
HOU,0.2713,0.2652,0.2222,0.2354,0.3404,0.3254,0.3481,0.3236,0.3296
IND,0.2525,0.2855,-0.0245,-0.1413,-0.26,-0.3021,-0.3183,-0.3021,-0.2731
JAX,-0.3892,-0.301,-0.3725,-0.2997,-0.2767,-0.2577,-0.1788,-0.1959,-0.1512
KC,0.5882,0.6042,0.2951,0.1736,0.1265,0.081,-0.0196,0.0045,0.0221
LAC,-0.1543,-0.159,-0.1225,-0.0959,-0.1135,-0.1138,-0.1514,-0.1186,-0.0926
LAR,0.606,0.6456,0.65,0.6465,0.6331,0.6036,0.5776,0.5478,0.4911
LV,-0.6056,-0.6366,-0.7003,-0.5984,-0.5555,-0.5847,-0.5211,-0.5315,-0.5265
MIA,-0.5562,-0.4944,-0.5478,-0.5429,-0.4633,-0.5349,-0.5511,-0.5092,-0.5234
MIN,0.0561,0.0997,0.1794,0.1989,0.1927,0.1942,0.1058,0.1634,0.1122
NE,-0.4557,-0.3928,-0.4568,-0.4776,-0.4715,-0.4719,-0.4685,-0.4089,-0.4038
NO,0.2885,0.2236,0.2673,0.2644,0.2543,0.3343,0.3398,0.3602,0.3773
NYG,0.1715,0.1349,0.1437,0.1484,0.0992,0.0409,-0.005,-0.0374,0.0084
NYJ,-0.6693,-0.601,-0.729,-0.6979,-0.7248,-0.6588,-0.5768,-0.5545,-0.5192
PHI,-0.0224,-0.0308,-0.3142,-0.4394,-0.498,-0.5368,-0.574,-0.605,-0.6244
PIT,-0.172,-0.1857,0.0681,0.0933,0.227,0.3301,0.3847,0.3752,0.4036
SEA,0.4619,0.4641,0.5741,0.5329,0.5141,0.5255,0.5593,0.5441,0.5081
SF,-0.4472,-0.4432,-0.3979,-0.4236,-0.3413,-0.2417,-0.2571,-0.2432,-0.2393
TB,-0.2143,-0.2943,-0.3471,-0.3183,-0.3284,-0.3134,-0.3847,-0.3462,-0.3928
TEN,0.659,0.7262,1.0277,1.0715,1.0992,1.137,1.2079,1.2778,1.2346
WAS,1.2753,1.1821,1.1562,1.2698,1.2961,1.2889,1.3451,1.3613,1.4015
