Team,S0 2026-09-08,S1 2026-09-17,S2 2026-09-26
ARI,-1.0575,-0.7998,-0.6135
ATL,-0.3908,-0.5558,-0.5066
BAL,0.5526,0.6195,0.7024
BUF,0.5351,0.6693,0.7633
CAR,-0.3163,-0.2251,-0.2578
CHI,0.2115,0.2825,-0.0614
CIN,0.2689,0.2812,0.3715
CLE,-0.7025,-0.8095,-0.7831
DAL,0.2566,0.2022,0.1327
DEN,0.2682,0.2912,0.2559
DET,0.3198,0.213,0.2505
GB,0.3538,0.2232,0.1802
HOU,0.3233,0.2955,0.3341
IND,-0.1716,-0.1832,0.0164
JAX,0.1225,0.2084,0.235
KC,0.4248,0.4506,0.5072
LAC,0.3673,0.2629,0.0698
LAR,0.8062,0.7555,0.768
LV,-0.6296,-0.546,-0.5442
MIA,-1.0414,-1.1068,-1.2139
MIN,-0.0211,0.0148,0.1119
NE,0.3755,0.3124,0.2205
NO,-0.3912,-0.3655,-0.2936
NYG,-0.2277,-0.1534,-0.4041
NYJ,-0.7972,-0.6627,-0.4902
PHI,0.3879,0.4533,0.5106
PIT,-0.0519,-0.1032,-0.2227
SEA,0.6144,0.3472,0.6047
SF,0.3571,0.3994,0.497
TB,-0.0566,0.0392,-0.0724
TEN,-0.5179,-0.6488,-0.5693
WAS,-0.1722,-0.1612,-0.4991
