anchor,week1_rmse,weeks1_2_rmse,train_w1_2,holdout_w1_2
win_totals_proportional,0.2581798728848972,0.2997113490600478,0.3100724008332775,0.2583151207106169
win_totals_x0.9,0.25945941325378297,0.29985461482762665,0.314326702388735,0.23961273718849393
win_totals,0.25797175549170837,0.30008080443295715,0.3099832831343389,0.26069243719368407
blend_75wt,0.26959093394562555,0.30444551075036935,0.3201927380547672,0.23816595524050482
win_totals_x0.8,0.2759022620595316,0.3138792251930268,0.33203423646594915,0.23589173453169718
win_totals_x1.1,0.2716850690155713,0.31452705046608276,0.3195493923480811,0.2954382496926129
blend_50wt,0.3125524285300726,0.33924196378328253,0.35667462797679267,0.26594859291672185
win_totals_x1.2,0.29851170397417126,0.341392909842477,0.3418593436143421,0.3396820594869819
blend_25wt,0.37626941594366703,0.39653828581309114,0.41251647002376485,0.3316284703192251
carryover,0.45204892439790306,0.46814482309237787,0.48102238294954797,0.4176953279500227
