,win_totals,carryover
2012,0.3044586058521963,0.4399868337155229
2013,0.33556508833055326,0.507024191075559
2014,0.32177952324331177,0.32218832571637807
2015,0.2814028766909794,0.44595344145694693
2016,0.30662407725519286,0.37049543441078986
2017,0.3531098517952356,0.44421535193585093
2018,0.33008347536412724,0.5601893645403676
2019,0.3112111757590726,0.500416725288205
2020,0.28245505861996234,0.5275611679480083
2021,0.25636748876865434,0.5816720053516783
2022,0.3159643937848754,0.5247052746045896
2023,0.2819985685283016,0.45064521168971877
2024,0.24759585424827382,0.4080360603133909
2025,0.2511070304412147,0.39221630210750585
